card_url,image_url,Адрес,От метро,"Цена, ₽","Цена за м², ₽",description,Комнат,Этаж,Этажность,Площадь
https://www.cian.ru/sale/flat/308556828/,https://images.cdn-cian.ru/images/2367138702-4.jpg,"Москва, СЗАО, р-н Куркино, м. Планерная, Соколово-Мещерская улица, 16/114",Транспортом,55700000,324214,"ID: 187115

Уникальное новогоднее предложение - рассрочка 70/30 на полгода!
Вашему вниманию предлагается уникальная и просторная квартира с дизайнерским ремонтом, занимающая половину секции. Это идеальное пространство для комфортной и счастливой жизни!

Планировкой квартиры предусмотрены: кухня, объединенная с просторной гостиной (при желании можно разделить), 3 спальни и кабинет, который можно переделать в спальню. При этом отдельно выделены детский и взрослый блоки с отдельными санузлами и гардеробными.

Квартира наполнена хорошей энергетикой и уютом, а также оборудована современными системами: приточно-вытяжная вентиляция Daikin, внутренние механизмы немецкой компании Gira, датчики движения и диммеры, многофункциональное освещение и теплый пол.

В интерьере используются итальянские люстры Vistosi и кухня бренда Pedini Integra. Сантехника от Cortezari и Keuco, ванна WGT из Италии добавляет шика и комфорта.

В детских спальнях  картины, написанные художниками с оптоволоконной подсветкой звезд и изображениями морских пейзажей, выполненные гипоаллергенными красками.

Кроме того, в квартире предусмотрена инфракрасная камера, отделанная липой и бамбуком для профилактики простудных заболеваний. 

Подъезд оформлен собственником в стиле Венеции, что принесло ему первое место в конкурсе ""Подъезд года"" в Куркино. На этаже выполнен качественный ремонт с декоративной штукатуркой в технике ""мокрый шелк"", есть отдельная дверь. В подъезде работает консьерж, а также имеется кладовка для колясок и велосипедов.

Из окон открывается вид во двор и на центр района Куркино с прекрасными закатами.

Район с развитой инфраструктурой: магазины, кофейни, рестораны, детские сады и школы в шаговой доступности. И не забудьте об удобных парковочных местах  в продаже одно из самых больших в подземном паркинге, а также есть стандартное рядом с лифтом (продаются отдельно).

Не упустите шанс стать владельцем этой удивительной квартиры!


Если вас заинтересовал объект - мы всегда на связи, звоните! В удобное для вас время организуем показ!

Наше агентство - прямой представитель собственника этой квартиры, поэтому мы сможем ответить на все ваши вопросы.
Каждому клиенту мы гарантируем полное юридическое сопровождение.

Вы также можете написать нам сообщение, оставив в нем свой номер для обратной связи. Мы перезвоним вам в течение дня.

Подпишитесь на уведомления о снижении цены, чтобы первым узнать о выгодном предложении! Купить 5-комнатную квартиру рядом с метро Планерная.",,,,
https://www.cian.ru/sale/flat/277899578/,https://images.cdn-cian.ru/images/70/404/731/kvartira-moskva-proezd-dosflota-1374040789-4.jpg,"Москва, СЗАО, р-н Южное Тушино, м. Планерная, проезд Досфлота, 16К1",Транспортом,95000000,237500,"Прекрасная квартира на берегу канала им.Москва. ( по статусу квартира). Из окон открывается  панорама на канал и Речной вокзал.  Сделан ремонт. Никто не жил. Есть свой выход во двор. Можно разместить зону барбекю. 
Планировка: 
1 уровень: входная группа, гардероб, кухня, гостиная, постирочная, с/у
2 уровень: 2 спальни с с/у , вторая гостиная
3 уровень: 2 спальни с с/у
4 уровень: спальня или зона отдыха, с/у
Оперативный показ.

Участник ассоциации агентств элитной недвижимости AREA 5-комнатная квартира рядом с метро Планерная.",5.0,2.0,4.0,400.0
https://www.cian.ru/sale/flat/302323590/,https://images.cdn-cian.ru/images/kvartira-moskva-landyshevaya-ulica-2174514899-4.jpg,"Москва, СЗАО, р-н Куркино, м. Планерная, Ландышевая улица, 14К3",Транспортом,63000000,293023,"5-комнатная квартира в Куркино на Ландышевой.
Одно из лучших расположений дома в Куркино. Очень тихо, двор утопает в зелени. 
Квартира с 4 изолированными комнатами (одна мастер спальня со своим с/у и гардеробом, две детские комнаты, кабинет), просторная гостиная, кухня, гардероб, всего в квартире 3 с/у, один из которых с сауной. 
Ремонт выполнялся по дизайн проекту с использованием качественных материалов (вся документация сохранена). 
Квартира очень светлая с высокими потолками.
Развитая инфраструктура района, в пешей доступности: школы, детские сады, фитнес центр, Аляскинский лесопарк, горнолыжный спуск, магазины и т. д.
Квартира в собственности более 5 лет. Полная стоимость в договоре Продается 5-комнатная квартира рядом с метро Планерная.",5.0,3.0,8.0,215.0
https://www.cian.ru/sale/flat/307280416/,https://images.cdn-cian.ru/images/kvartira-moskva-landyshevaya-ulica-2267069704-4.jpg,"Москва, СЗАО, р-н Куркино, м. Планерная, Ландышевая улица, 14К3",Транспортом,61500000,292857,"Лучшее соотношение цена-качество!!! 
Просторная двухуровневая квартира с дизайнерским ремонтом в охраняемом ЖК (ремонт 2007 года).
1 этаж и 2 этаж по 105 кв.м. Квартира частично меблирована и укомплектована необходимой техникой.
На первом этаже: кухня и гостиная-столовая 70 кв.м., кабинет 27 кв.м., с/у 5 кв.м. Два входа. Один из подъезда, другой с веранды - отдельный выход в сторону парка. 
Второй этаж: Спальня 1 - 28 кв.м, спальня 2 - 26 кв.м, спальня 3 - 18 кв.м., с/у 11 кв.м., постирочная - 6 кв.м. 
подходит под ипотеку - необходимые документы в наличии и готовы к сделке. Свободная продажа, обременений нет - быстрый выход на стеку. Собственник будет присутствовать Продам 5-комнатную квартиру рядом с метро Планерная.",5.0,1.0,8.0,210.0
