card_url,image_url,В ЖК,Адрес,От метро,"Цена, ₽","Цена за м², ₽",Комнат,Этаж,Этажность,Площадь,description,Количество,"Площадь, м²","Цена, млн. ₽","Цена за м², тыс. ₽"
https://www.cian.ru/sale/flat/305334125/,https://images.cdn-cian.ru/images/2333350342-4.jpg,,"Москва, САО, р-н Левобережный, м. Планерная, Ленинградское шоссе",Транспортом,74383860.0,551400.0,4.0,15.0,19.0,134.9,"Эргономичная светлая четырёхкомнатная квартира c 4-мя спальнями. 
Квартира расположена на 15 этаже, в корпусе 7.2 проекта ""Северный Порт"". 
  
Общая площадь: 134.90 кв.м. Жилая: 53.70 кв.м. Высота потолков 3.28 м. 
  
В проекте ""Северный Порт"" реализуются авторские решения девелопера LEGENDA, которые представлены уникальными фасадными решениями, коллекцией дизайнерских квартир, а также инновационным оснащением  комплектацией TechnoBox  полностью технологически подготовленным пространством для современных сценариев жизни. 
  
В 1-ой очереди строительства проекта ""Северный Порт"" авторская комплектация TechnoBox представлена в корпусах 7.1 и 7.3 и включает в себя два направления: 
  
Технологически подготовленное пространство 
- Smart Home Ready. Стационарное и удаленное управление квартирой. 
- Air Design. Всегда свежий воздух, никакого шума и пыли. 
- Мультизональное кондиционирование. Готовая инфраструктура за пределами квартиры. 
- Мультисервисная сеть. Единая сеть коммуникационных систем. 
  
Готовность к декорированию 
- Шумоизоляция. Комплексные меры для защиты от лишнего шума. 
- Подготовка стен. Все стены подготовлены к отделке дизайнерскими материалами. 
- Выровненный пол. Полы выровнены стяжкой из цементно-песчаной смеси, повышающей механическую прочность, и готовы к укладке покрытия. 
- Электрические сети. Коммуникации расположены в оптимальном месте и с учетом рекомендаций по расстановке мебели и техники. 
  
""Северный порт"" от LEGENDA входит в крупномасштабный проект комплексного развития территории Северного речного порта, реализуемый правительством Москвы, и представляет собой микс жилой, коммерческой, социальной и общественной функций. 
  
Автором концепции переосмысления территории выступило архитектурное бюро Сергея Скуратова. Созданный дизайн-код лёг в основу проекта, разработанного LEGENDA совместно с архитектурным бюро KAMEN Architects. 
  
Город ставит новый акцент, создавая мощный центр притяжения в экологичной локации у Северного речного вокзала. Близость к воде, парковым зонам и футуристичный архитектурный образ определяют потенциал развития проекта на несколько десятилетий вперед. 
  
Важной частью проекта станет строительство самой протяжённой благоустроенной набережной, которая соединится с парком Северного речного вокзала и создаст уникальное прогулочное пространство длиной 3,2 км, вдоль которого будет организован современный торговый променад. 
  
В основе концепции благоустройства — авторская модель проектирования дворов от LEGENDA на базе компонентов, объединенных в 4 группы: мультисценарность, геймификация, органомика и безопасность. Благодаря такой модели удаётся обеспечить многообразие вариантов взаимодействия с внутренней средой для всех членов семьи, разных возрастов. 
  
Проект реализуется в три очереди. Первая включает возведение трех корпусов переменной этажности (34, 19 и 58 этажей) совокупно на 1172 квартиры, а также двухуровневый подземный паркинг на более чем 500 машиномест и коммерческие помещения по пер Продается 4-комнатная квартира рядом с метро Планерная.",,134.9,74.4,551.4
https://www.cian.ru/sale/flat/312156097/,https://images.cdn-cian.ru/images/kvartira-moskva-sokolovomeshcerskaya-ulica-2370350585-4.jpg,,"Москва, СЗАО, р-н Куркино, м. Планерная, Соколово-Мещерская улица, 14",Транспортом,44500000.0,396967.0,4.0,5.0,12.0,112.1,"Продается 4-х комнатная квартира с панорамным видом на парк, дорогим ремонтом и 2-мя машиноместами в подземном паркинге. 

1 собственник с момента постройки. 

Планировка: мастер-спальня со своим санузлом, ванной и гардеробной, просторная кухня объеденненая с гостиной и балконом, 2 отдельные комнаты и дополнительный санузел. Всего 3 изолированные комнаты(15.7м, 17м, 11м) 2 санузла, 2 гардеробные и кухня, совмещенная с прихожей, лоджией и гостиной, что создает большое пространство для комфортной жизни.

Встроенная техника Kuppersbusch, Miele, итальянская плитка Versace оригинал, мебель Smania и тп. 

Все делал для себя, денег не жалел, в живую выглядит гармонично и не так ярко, как на фото.

Подогрев пола везде, кондиционеры во всех помещениях, самые современные телевизоры Samsung smart tv, все сделано по уму во всей квартире. Так же сразу были самостоятельно установлены качественные окна. 

Сделан ремонт на этаже в лифтовом холле.

Жили редко и аккуратно, т.к часто заграницей и есть такая же квартира под этой на 4 этаже, где также никто не проживает. 

В стоимость входят 2 машиноместа (и 2 дополнительно можно использовать по договоренности) в подземном паркинге с видеонаблюдением. 

Все перепланировки узаконены, зарегистрированных граждан в квартире не имеется. 

Одна из лучших квартир в данной локации с лучшим видом. Тихие, приветливые соседи. 

Цена обсуждается с реальным покупателем. 

Продаю сам, без посредников. Агентов просьба не беспокоить. 

Осмотр в удобное время по договоренности. Прошу звонить только реально готовых к покупке. Купить 4-комнатную квартиру рядом с метро Планерная.",,112.1,44.5,397.0
https://www.cian.ru/sale/flat/312128859/,https://images.cdn-cian.ru/images/kvartira-moskva-bulvar-yana-raynisa-2369390733-4.jpg,,"Москва, СЗАО, р-н Южное Тушино, м. Планерная, бульвар Яна Райниса, 37",Транспортом,27900000.0,279000.0,4.0,9.0,22.0,100.0,"Уютная квартира с хорошим ремонтом, серия КОПЭ, все комнаты изолированные, большая кухня, окна на разные стороны дома, 3 взрослых собственника, более 5 лет, без обременений,  полная стоимость в ДКП, рядом парковая зона, пруд, легкая альтернатива на одну площадь, ипотека возможна, показ по договоренности. Продам 4-комнатную квартиру рядом с метро Планерная.",,100.0,27.9,279.0
https://krasnogorsk.cian.ru/sale/flat/309991023/,https://images.cdn-cian.ru/images/2325019915-4.jpg,,"Московская область, м. Планерная, Красногорск городской округ, Путилково пгт, Большое Путилково ЖК",Транспортом,16160498.0,234041.0,4.0,2.0,25.0,69.05,"Продаётся 4-комнатная квартира в строящемся доме (Корпус 28), срок сдачи: II-кв. 2026, общей площадью 69.05 кв.м., на 2 этаже. Ваш дом  это больше, чем просто квартира. Мы построим в Путилково современный масштабный квартал с просторными дворами без машин. Откроем детские сады, школу, поликлинику. Организуем единую сеть пешеходных маршрутов, беговых и велодорожек. Дальше - больше! Благоустроим 3,6 км набережной и построим четырёхполосную дорогу.

Мы позаботились о вашем комфорте: продуманные планировки, застройка переменной этажности и долговечные монолитно-кирпичные дома, фасады в классическом стиле и просторные дворы - всё, чтобы вы чувствовали себя дома. В наличии широкий выбор квартир как с готовой отделкой, так и без отделки.

Живописное окружение квартала создают сосновые Алешкинский и Новогорский лесопарки, реки Сходня, Братовка, Муравка, Журавка, Машкинский ручей и Рождественский пруд. Можно отправиться семьей на прогулку или порыбачить в компании друзей. В парке Барыши будет благоустроена и озеленена территория, создана береговая зона возле пруда, построены игровые площадки, беговые дорожки и зоны для барбекю. 
Жилой комплекс характеризуется отличной транспортной доступностью: рядом расположены 6 станций метро: Тушинская, Сходненская, Планерная, Волоколамская, Митино, Пятницкое шоссе, всего в 500 м - МКАД.
Оригинальный проект с элементами террасной планировки и естественным перепадом высот, гармонично вписанный в природный ландшафт. Благоустроенные дворы с зонами отдыха и детскими площадками для всех возрастов.

Просторный двор и городская площадь создадут точки притяжения: отправьтесь на прогулку с семьёй или на встречу с друзьями.
От дома до детского сада или школы всего 5 минут пешком. А свободное время можно провести с ребёнком на игровых площадках во дворе. 4-комнатная квартира рядом с метро Планерная.",,69.0,16.2,234.0
https://www.cian.ru/sale/flat/309925453/,https://images.cdn-cian.ru/images/kvartira-moskva-ulica-geroev-panfilovcev-2323757279-4.jpg,,"Москва, СЗАО, р-н Северное Тушино, м. Планерная, улица Героев Панфиловцев, 1К2",Пешком,31000000.0,336226.0,4.0,2.0,17.0,92.2,"В престижном СЗАО продается четырехкомнатная квартира 92.20 кв.м. Дом 2007 г. постройки, в 3 минутах пешком от метро Сходненская. Дом во дворе, въезд с двух сторон закрыт шлагбаумами, нет проблем с парковкой. Квартира расположена на втором этаже, первый этаж не жилой. Законный перенос коммуникаций, поэтому квартира может стать инвестиционным проектом. Общая площадь квартиры с двумя лоджиями 94.40 кв.м. Комнаты 17.70 + 14 + 14 + 17.70 изолированные, кухня 10.20. Приватизирована в 2017 году, один собственник, свободная продажа. Рядом с домом красивые современные бульвары, ТЦ Калейдоскоп с катком и 8-ми зальным кинотеатром. В 15 минутах пешком красивый парк ""Северное Тушино"" с велодорожками, пляжем, зонами отдыха, аттракционами. Взрослая и детская поликлиники в 3-х минутах пешком. Лицей 1571 входит в список 50 лучших школ Москвы. Квартира на стадии подготовки к ремонту, поэтому фотографии будут дополняться. ПОГАШЕНИЕ ИПОТЕКИ СОБСТВЕННИКОМ ДО СДЕЛКИ. Большая просьба к риэлторам - звонить только при наличии покупателей! Продажа.",,92.2,31.0,336.2
https://www.cian.ru/sale/flat/312080659/,https://images.cdn-cian.ru/images/2368314126-4.jpg,,"Москва, СЗАО, р-н Куркино, м. Планерная, Родионовская улица, 18",Транспортом,34900000.0,321363.0,4.0,3.0,6.0,108.6,"Арт. 90726166 Продается большая 4-х комнатная квартира (евро5), идеальный вариант для семьи с детьми. 
Квартира общей площадью 123,8 кв.м (по документам 108,6)имеет планировку:
- кухня- гостиная 27 кв.м с электрическим камином;
- мастер спальня 17,9 кв.м и свой санузел с душевой кабиной 4,7 кв.м.
- 3 раздельные детские комнаты: 14,6 кв.м, 14,4 кв.м и 13.6 кв.м.
- просторный санузел с ванной, унитазом, детской и взрослой раковинами.
- санузел с раковиной и оборудованием для водоподготовки.
- 2 кладовые комнаты с полками.
-просторная прихожая со шкафами.
Итого: кухня-гостиная, 4 комнаты, 3 санузла, 2 кладовые.
Высота потолков 3 метра. В каждой комнате кондиционер. В каждом санузле бойлер. Лифт есть!
Развитая инфраструктура: школы, детские сады, детская школа искусств. Рядом автобусная остановка.",,108.6,34.9,321.4
https://krasnogorsk.cian.ru/sale/flat/309991015/,https://images.cdn-cian.ru/images/2325015720-4.jpg,,"Московская область, м. Планерная, Красногорск городской округ, Путилково пгт, Большое Путилково ЖК",Транспортом,24541654.0,307232.0,4.0,12.0,25.0,79.88,"Продаётся 4-комнатная квартира в строящемся доме (Корпус 28), срок сдачи: II-кв. 2026, общей площадью 79.88 кв.м., на 12 этаже. Ваш дом  это больше, чем просто квартира. Мы построим в Путилково современный масштабный квартал с просторными дворами без машин. Откроем детские сады, школу, поликлинику. Организуем единую сеть пешеходных маршрутов, беговых и велодорожек. Дальше - больше! Благоустроим 3,6 км набережной и построим четырёхполосную дорогу.

Мы позаботились о вашем комфорте: продуманные планировки, застройка переменной этажности и долговечные монолитно-кирпичные дома, фасады в классическом стиле и просторные дворы - всё, чтобы вы чувствовали себя дома. В наличии широкий выбор квартир как с готовой отделкой, так и без отделки.

Живописное окружение квартала создают сосновые Алешкинский и Новогорский лесопарки, реки Сходня, Братовка, Муравка, Журавка, Машкинский ручей и Рождественский пруд. Можно отправиться семьей на прогулку или порыбачить в компании друзей. В парке Барыши будет благоустроена и озеленена территория, создана береговая зона возле пруда, построены игровые площадки, беговые дорожки и зоны для барбекю. 
Жилой комплекс характеризуется отличной транспортной доступностью: рядом расположены 6 станций метро: Тушинская, Сходненская, Планерная, Волоколамская, Митино, Пятницкое шоссе, всего в 500 м - МКАД.
Оригинальный проект с элементами террасной планировки и естественным перепадом высот, гармонично вписанный в природный ландшафт. Благоустроенные дворы с зонами отдыха и детскими площадками для всех возрастов.

Просторный двор и городская площадь создадут точки притяжения: отправьтесь на прогулку с семьёй или на встречу с друзьями.
От дома до детского сада или школы всего 5 минут пешком. А свободное время можно провести с ребёнком на игровых площадках во дворе.",,79.9,24.5,307.2
https://www.cian.ru/sale/flat/307046191/,https://images.cdn-cian.ru/images/2366863298-4.jpg,,"Москва, СЗАО, р-н Северное Тушино, м. Планерная, улица Свободы, 97С1",Пешком,14500000.0,228707.0,4.0,5.0,9.0,63.4,"Лот  72358 Продаётся светлая смежно-изолированная четырехкомнатная квартира , из которых  2 комнаты изолированные, две других смежные.                                    В шаговой доступности вся необходимая инфраструктура: сетевые магазины,  детский сад, школа, поликлиника, благоустроенные детские площадки. В квартире требуется ремонт. Свободная продажа, полная стоимость в ДКП, три взрослых собственника, в квартире никто не зарегистрирован, обременений нет.",,63.4,14.5,228.7
https://www.cian.ru/sale/flat/310925447/,https://images.cdn-cian.ru/images/kvartira-moskva-planernaya-ulica-2343372257-4.jpg,,"Москва, СЗАО, р-н Северное Тушино, м. Планерная, Планерная улица, 26С1",Пешком,17000000.0,267296.0,4.0,2.0,9.0,63.6,"Продаётся четырёхкомнатная квартира. Две комнаты смежные, две раздельные. Санузел раздельный.

В шаговой доступности  сетевые магазины, детский сад, школа, поликлиника, благоустроенные детские площадки, парк ""Северное Тушино"".
До метро Планерная 8 минут пешком.

В квартире сделан ремонт. Новый кухонный гарнитур остаётся. По желанию покупателя можем оставить мебель. Дом после капремонта.

Полная стоимость в ДКП. Два взрослых собственника. В собственности больше пяти лет. В квартире никто не зарегистрирован, обременений нет. Свободная продажа.

 Размещать объявление не разрешаю. Агентам без клиентов не звонить.",,63.6,17.0,267.3
https://krasnogorsk.cian.ru/sale/flat/309991013/,https://images.cdn-cian.ru/images/2325015141-4.jpg,,"Московская область, м. Планерная, Красногорск городской округ, Путилково пгт, Большое Путилково ЖК",Транспортом,16905216.0,243241.0,4.0,11.0,25.0,69.5,"Продаётся 4-комнатная квартира в строящемся доме (Корпус 28), срок сдачи: II-кв. 2026, общей площадью 69.5 кв.м., на 11 этаже. Ваш дом  это больше, чем просто квартира. Мы построим в Путилково современный масштабный квартал с просторными дворами без машин. Откроем детские сады, школу, поликлинику. Организуем единую сеть пешеходных маршрутов, беговых и велодорожек. Дальше - больше! Благоустроим 3,6 км набережной и построим четырёхполосную дорогу.

Мы позаботились о вашем комфорте: продуманные планировки, застройка переменной этажности и долговечные монолитно-кирпичные дома, фасады в классическом стиле и просторные дворы - всё, чтобы вы чувствовали себя дома. В наличии широкий выбор квартир как с готовой отделкой, так и без отделки.

Живописное окружение квартала создают сосновые Алешкинский и Новогорский лесопарки, реки Сходня, Братовка, Муравка, Журавка, Машкинский ручей и Рождественский пруд. Можно отправиться семьей на прогулку или порыбачить в компании друзей. В парке Барыши будет благоустроена и озеленена территория, создана береговая зона возле пруда, построены игровые площадки, беговые дорожки и зоны для барбекю. 
Жилой комплекс характеризуется отличной транспортной доступностью: рядом расположены 6 станций метро: Тушинская, Сходненская, Планерная, Волоколамская, Митино, Пятницкое шоссе, всего в 500 м - МКАД.
Оригинальный проект с элементами террасной планировки и естественным перепадом высот, гармонично вписанный в природный ландшафт. Благоустроенные дворы с зонами отдыха и детскими площадками для всех возрастов.

Просторный двор и городская площадь создадут точки притяжения: отправьтесь на прогулку с семьёй или на встречу с друзьями.
От дома до детского сада или школы всего 5 минут пешком. А свободное время можно провести с ребёнком на игровых площадках во дворе.",,69.5,16.9,243.2
https://khimki.cian.ru/sale/flat/303014089/,https://images.cdn-cian.ru/images/kvartira-himki-prospekt-melnikova-2186542744-4.jpg,,"Московская область, Химки, мкр. Новые Химки, м. Планерная, проспект Мельникова, 10",Транспортом,11400000.0,137349.0,4.0,4.0,9.0,83.0,"Продается большая четырехкомнатная квартира в кирпичном доме в центре Новых Химок. Построен по индивидуальному проекту в 1990г., всё комнаты изолированные, толщина стен 50см, есть лоджия и балкон застеклённые, планировка квартиры-распашонка. Без учёта площади по коэффициенту лоджии и балкона- площадь общая 77,7 м2. С момента постройки дома квартира в одной семье. Юридически свободна. Полная стоимость в ДКП.СВОБОДНАЯ продажа. Собственников четверо, все взрослые.  Перепланировок нет. Обременений нет. Под ипотеку подходит. Рассмотрим все предложения. Замечательный современный район со сложившейся развитой инфраструктурой (торговые центры, сфера быта, недалеко парк Дубки и ландшафтный парк Куркино). Около дома 2 лицея, 2 школы и 4 детских сада (один с бассейном). Отличное транспортное сообщение - 15 мин. до метро Беломорская и Речной вокзал, Планерная и МЦД 3 Химки. В шаговой доступности крупные торговые центры Новые Химки и Леруа Мерлен, до МЕГА ХИМКИ - 10 мин. пешком, до ТЦ Лига и Гранд - 10 мин. транспортом. Удобно добираться до Шереметьево. ПОКАЗ ОПЕРАТИВНО",,83.0,11.4,137.3
https://www.cian.ru/sale/flat/310172132/,https://images.cdn-cian.ru/images/kvartira-moskva-ulica-svobody-2328133841-4.jpg,,"Москва, СЗАО, р-н Северное Тушино, м. Планерная, улица Свободы, 63",Пешком,18800000.0,296998.0,4.0,2.0,12.0,63.3,"Продается светлая и уютная четырехкомнатная квартира в Москве по адресу: улица Свободы, 63. Общая площадь — 63.3 кв. м, жилая — 46.5 кв. м, кухня — 6 кв. м. Квартира расположена на 2-ом этаже 12-этажного панельного дома 1970 года постройки. Высота потолков составляет 2.64 метра. Отличный выбор для семьи, которая ищет просторное жилье в развитом районе столицы.

Квартира с евроремонтом, что позволяет сразу заехать и жить без дополнительных вложений. Планировка продумана до мелочей: комнаты изолированные, окна выходят во двор, что обеспечивает тишину и уют. В квартире есть совмещенный санузел и одна лоджия. Современная отделка и функциональная мебель создают атмосферу комфорта и уюта.

Дом находится в хорошем состоянии, в подъезде установлены два пассажирских лифта, есть мусоропровод. Наземная парковка доступна для жильцов дома, поэтому с парковкой автомобиля не возникнет проблем.

В шаговой доступности от дома находятся все необходимые объекты инфраструктуры: школы, детские сады и магазины. До станции метро Сходненская всего 9 минут пешком, что делает передвижение по городу быстрым и удобным.

Квартира готова к продаже, документы в полном порядке. Возможна покупка в ипотеку. Идеальный вариант для тех, кто ценит комфорт и удобство в одном из лучших районов Москвы.

Звоните и записывайтесь на просмотр! Мы будем рады ответить на все ваши вопросы и показать квартиру в удобное для вас время.",,63.3,18.8,297.0
https://khimki.cian.ru/sale/flat/311347642/,https://images.cdn-cian.ru/images/2352533811-4.jpg,,"Московская область, Химки, мкр. Новые Химки, м. Планерная, Молодежная улица, 68",Транспортом,16600000.0,166333.0,4.0,22.0,25.0,99.8,"Номер лота: вт-0423030.
Продается просторная 4-комнатная квартира в Химках, ул,Молодежная  68.

Общая информация о квартире:
- Площадь: 99.8 кв. м (жилая — 64.8 кв. м)
- Этаж: 2 из 23
- Дом: панельный с хорошей теплоизоляцией 
- Потолки: 2.75 м

Описание квартиры:  
Просторная и светлая квартира с удобной планировкой, состоящая из трех спален и гостиной  с выходом на кухню и лоджию, а также с санузлом и  организованной системой хранения . Выполнен качественный дизанйрский ремонт, с применением дорогостоящих материалов и качественной европейской мебели  которая позволяет сразу же заселиться и  обустроить пространство под себя.
 
Инфраструктура и транспорт:
Квартира находится в тихом дворе с множеством парковочных мест. 
Район с развитой инфраструктурой: рядом школы, детские сады, магазины, включая МЕГУ. 
Преимущества этого района заключаются в его удачном географическом расположении: аэропорт Шереметьево и Москва никогда не были так близко друг к другу.

Преимущества:
- В собственности более 10 лет, 1 взрослый собственник.
- Без долгов, перепланировок и обременений.
- По данному объекту возможна ипотека 18.3%..
- Рассматривается обмен на двухкомнатную квартиру в этом районе.
 
Выбор для большой семьи в удобном месте! Не упустите возможность стать владельцем этой замечательной квартиры. Мы рады обсудить все условия и помочь с оформлением!
 Содействие в получении специальных условий и преференций по ипотеке.",,99.8,16.6,166.3
https://www.cian.ru/sale/flat/311926424/,https://images.cdn-cian.ru/images/kvartira-moskva-bulvar-yana-raynisa-2364895854-4.jpg,,"Москва, СЗАО, р-н Южное Тушино, м. Планерная, бульвар Яна Райниса, 37К1",Транспортом,28500000.0,284431.0,4.0,11.0,22.0,100.2,"Продается 4-х комнатная квартира в панельном доме 1985 г. Чистый ухоженный подъезд, приятные соседи. Комнаты изолированные, квартира в хорошем жилом состоянии, окна стеклопакеты, вид на ""Сходненский ковш"". Остановка общественного транспорта рядом с домом. Удобные развязки на МКАД и в центр.
Отличная инфраструктура, рядом в пешей доступности 2 детских сада (во дворе), школа, супермаркет Лента, Вкус Вилл, Пятерочка, Сбербанк, взрослая и детская поликлиники, детская больница, травмопункт, стоматология, Братцевский парк, Алешкинский лес, парк Северное Тушино, медицинские центры, салон красоты, кофейня
Продажа от собственника. В собственности более 20 лет. Без перепланировок и обременений. Возможна ипотека, без мат.капитала. Просьба риэлторов не беспокоить.",,100.2,28.5,284.4
https://khimki.cian.ru/sale/flat/311465478/,https://images.cdn-cian.ru/images/kvartira-himki-ulica-kirova-2355176496-4.jpg,,"Московская область, Химки, мкр. Старые Химки, м. Планерная, улица Кирова, 9",Транспортом,20000000.0,154799.0,4.0,3.0,9.0,129.2,"Продается шикарная 4-х комнатная квартира в лучшем районе старых Химок!
Квартира в собственности одной семьи с момента постройки дома, без обременений. Полная сумма в договоре, быстрый выход на сделку!
Квартира чистая, ухоженная подходит для большой семьи или ценителей свободного пространства. 
Преимуществом квартиры является просторные кухня, прихожая, гостиная, ванная комната/уборочная. Ванная комната размером 10 кв.м. с видом на улицу. Большое количество окон добавляет естественного света и  уюта. А наличие трёх балконов создает дополнительные возможности для функционального обустройства жилья и отдыха на свежем воздухе. Самый большой балкон длиною шесть метров, вход на который доступен с кухни и жилой комнаты! Удачная планировка: окна выходят, как во двор, так и на улицу. Высокие потолки!
В квартире выполнен дизайнерский ремонт с нотками прованса: игривый цветочный принт переходит из одной комнаты в другую меняясь от нарядного до более сдержанного. Качественная деревянная и полированная мебель 70-х-80-х годов придает определенный шарм и шик.  Изюминку в богатом интерьере добавляют роскошные люстры в стиле барокко, которые, свисая с высоких потолков украшают квартиру своим блеском. 
Квартиры выглядит очень нарядной!
Жилые комнаты: две спальни по 18 и 16 кв.м., гостиная 26 кв.м, рабочий кабинет/библиотека - 10 кв.м. Также имеется вместительная гардеробная.
Квартиры в этом доме выдавались военным. В доме порядок, приличные, интеллигентные соседи, дружат между собой. 
Дом кирпичный, теплый, с хорошей шумоизоляцией расположен в зелёном обжитом районе, в административном и культурном центре города.
В шаговой доступности детские  сады, гимназия, лицей, ЦДШИ, детские развивающие и спортивные центры, театр, поликлиника, кафе, банки, стадион Арена Химки, спорт комплекс БЦ Химки, рестораны, кафе, магазины, пункты выдачи организации различных сфер услуг. 
Недалеко от дома расположился Парк культуры и отдыха Юбилейный с благоустроенными прогулочными дорожками, зонами отдыха и фонтаном. Там же находится Администрация округа, в районе порядок.
По другую сторону ж/д  пышный, зелёный Парк им. Толстого со всевозможными развлекательными, культурными и спортивными центрами, всегда рад посетителям.
В районе замечательная транспортная доступность: выезд на МКАД не более пяти минут, рядом автобусная остановка, можно добраться до м. Ховрино, м. Планерная. При этом шума в дома не слышно, тк ул. Кирова не  является центральной магистралью.
В 5-7 минутах ходьбы находится ж/д станция - МЦД 3.
Прекрасная квартира ждёт своего обладателя!",,129.2,20.0,154.8
https://www.cian.ru/sale/flat/308022840/,https://images.cdn-cian.ru/images/kvartira-moskva-ulica-vilisa-lacisa-2285035344-4.jpg,,"Москва, СЗАО, р-н Северное Тушино, м. Планерная, улица Вилиса Лациса, 41",Транспортом,24900000.0,311250.0,4.0,9.0,12.0,80.0,"4-х комнатная квартира 80м,  9/12 этажного панельного дома 1980г. В 2022 году в доме сделан капремонт, поменяны все трубы. В квартире сделана перепланировка, узаконена в 2016 году. Расположение комнат в виде веера. Ремонт дизайнерский, практически с нуля. 2 комнаты по 18м, в одной есть гардеробная, к ним примыкают 2 лоджии по 5,7*1,1м. Одна лоджия видовая с французским окном, другая рабочая. Детская 11м, кухня зона готовки 6,8м, обеденная или гостиная комната 10,7м. Два с/у: туалет и бойлер 0,6м, ванная комната 6м включает: душевое место, ванна, унитаз, стиралка. В квартире 3 кондиционера и теплые полы. Все батареи в стенах, выведены дополнительно батареи в 3-х комнатах. Квартира очень теплая, светлая и солнечная. Вся инфраструктура есть. До метро 15 мин. Рядом бассейн, детсад, школа, ВУЗ. У дома Алешкинский лес, сады, роликовая и лыжная трасса. Тихое, экологически благополучное чистое место.",,80.0,24.9,311.2
https://www.cian.ru/sale/flat/311151279/,https://images.cdn-cian.ru/images/2348212397-4.jpg,,"Москва, СЗАО, р-н Северное Тушино, м. Планерная, улица Вилиса Лациса, 42",Транспортом,27500000.0,279188.0,4.0,6.0,22.0,98.5,"Номер лота: вт-0422914.
Просторная, светлая 4-комнатная квартира  в одном из лучших и экологически чистых районов Москвы (Северное Тушино) - идеальный выбор для семьи с детьми!
О квартире: Общая площадь 98,5 м2 с удобной планировкой, все комнаты изолированные (18,9; 18,7; 13,9; 11,5 м2); кухня 9,9 м2, большой, широкий холл 21,6 м2 с двумя функциональными коридорами; раздельный с/у; лоджия 2,2 м2; вид из окон на 3 стороны дома; два пассажирских лифта и один грузовой.
Состояние: Квартира с хорошим косметическим ремонтом и современным остеклением лоджии. Встроенная мебель и техника остаются по договорённости. Всего 4 квартиры на этаже, интеллигентные семейные соседи. 
Преимущества для семьи: Дом находится вдали от шумных дорог, с большим количеством парковочных мест (подземные, крытые, во дворе), рядом с домом - две детские игровые площадки с современным покрытием и тренажёрами, детские сады, высокорейтинговые гимназии и школы, РХТУ им Менделеева, два бассейна, школа Олимпийского резерва, центры детского развития и творчества, пункты ""Ozon"", ""Wildberries"", ""Самокат"", магазины, Алёшкинский лес для прогулок и отдыха на природе с семьёй, занятий спортом. Все необходимое для жизни с детьми - в пешей доступности. 
Уютный район, отличная транспортная доступность - быстрый выезд на МКАД и Волоколамское шоссе, примерно 10 минут на трамвае или автобусе до метро ""Планерная"" или ""Сходненская"". Также можно доехать общественным транспортом без пересадок до ст. м. Речной вокзал"" и ""Сокол"". 
Все документы готовы к сделке. В собственности одной семьи более 20 лет. Полная стоимость в договоре. Оперативный показ!
Звоните прямо сейчас, не упустите шанс приобрести жилье в одном из самых перспективных районов Москвы!
 Содействие в получении специальных условий и преференций по ипотеке.",,98.5,27.5,279.2
https://www.cian.ru/sale/flat/310590453/,https://images.cdn-cian.ru/images/kvartira-moskva-ulica-geroev-panfilovcev-2336246828-4.jpg,,"Москва, СЗАО, р-н Северное Тушино, м. Планерная, улица Героев Панфиловцев, 16К1",Пешком,17399999.0,279743.0,4.0,2.0,9.0,62.2,"Продается четырехкомнатная квартира в замечательном округе СЗАО районе  Северное Тушино. Дом теплый 1971 года. В квартире сделан  дизайн ремонт заезжай и живи.

 Инфраструктура: рядом с домам  все необходимое для Вас и Вашей семьи, школы три 1286""Сказка"" ,""ЮГ"", ""Солнышко"",   дошкольные учреждения "" Неоткрытые Острова"", скорочтения ""IQ007"",детский сад ""Радуга"", ОРОМНЫЙ   ТЦ"" Калейдоскоп""  рестораны, магазины разных брендов и зона досуга, развлечения. По мимо того, что сам дом находится в зеленном массиве, в 15 минутах находится парк Северное Тушино размером в 54 ГА, пролегает вдоль Химкинского водохранилище протяженность набережной более 3 км около реке "" Химки"" на канале им ""Москвы"" отличное место для досуга  в полном составе семьи, беговые, велосипедными и спортивными зонами ,со своим пляжем,  музеем ""ВМФ"".
Транспортная доступность: м."" Планерная в 11 минутах"" своим ходом, на автомобиле быстрый выезд на улицу ""Свободы"" , до центра 30 минут, до МКАДа 10 минут, что позволяет быстро перемешаться в г. Москве и ближайшей МО.
Документы: 1 взрослый собственник,   без обременения, без долгов. Оперативный показ. Быстрый выход на сделку.",,62.2,17.4,279.7
https://www.cian.ru/sale/flat/299598250/,https://images.cdn-cian.ru/images/kvartira-moskva-ulica-svobody-2122731149-4.jpg,,"Москва, СЗАО, р-н Северное Тушино, м. Планерная, улица Свободы, 87",Пешком,22900000.0,267523.0,4.0,2.0,12.0,85.6,"Продается просторная 4-х комнатная квартира общей площадью 85 кв.м. на 2 этаже 12-эт. панельного дома. Два пассажирских лифта, пандусы для колясок. Есть возможность пользоваться подсобным помещением для хранения спортивного инвентаря на 1 этаже. 
Квартира в собственности одной семьи с постройки дома в 1989 году. Окна: кухня, зал, застекленная лоджия в коридоре  на ул. Свободы через сквер (запад), три спальни  тихий двор (восток). 
Адекватные соседи, под квартирой нежилое помещение, которое занимают пункты выдачи Яндекс-маркет, Озон и Вайлдберрис. Зеленый двор, детская площадка у подъезда, площадка для выгула собак в 250 м. Достаточное количество парковочных мест рядом с домом.
Супермаркеты, аптеки, поликлиники, школы, детские сады, банки, салоны красоты и т/ц в шаговой доступности. До м. Планерная 13 мин. пешком или 2 остановки общественным транспортом. Через дорогу парк Северное Тушино на канале им. Москвы с зонами отдыха, кафе, аттракционами, катком, ледяными горками и велодорожками.
Легкая альтернатива для одного из собственников.",,85.6,22.9,267.5
https://www.cian.ru/sale/flat/312076755/,https://images.cdn-cian.ru/images/2368231488-4.jpg,,"Москва, СЗАО, р-н Южное Тушино, м. Планерная, бульвар Яна Райниса, 45К2",Транспортом,25500000.0,254491.0,4.0,22.0,22.0,100.2,"Номер в базе: 4349069. Продается 4-х комнатная квартира в кооперативном доме серии КОПЭ, в хорошем благоустроенном районе с развитой инфраструктурой. Комфортная  планировка, комнаты изолированные, большой холл, окна на три стороны с панорамными видами на Москву и Сходненский природный парк.
 Рядом с домом два больших парка для прогулок и активного отдыха на свежем воздухе.
 Транспортная доступность: пешком 20 минут от метро Сходненская или на автобусе 5-7 минут. 
Один собственник. В собственности более 10 лет. Подходит под ипотеку.
Покупателю:
Бесплатное сопровождение сделки;
Квалифицированная помощь в получение ипотеки в ведущих банках, высокая степень одобрения;
Индивидуальный подбор ипотеки с наименьшей ставкой!
возможность юридического сопровождения
Код пользователя: 173418",,100.2,25.5,254.5
https://khimki.cian.ru/sale/flat/312168896/,https://images.cdn-cian.ru/images/kvartira-himki-molodezhnaya-ulica-2370274906-4.jpg,,"Московская область, Химки, мкр. Новые Химки, м. Планерная, Молодежная улица, 52",Транспортом,16500000.0,158046.0,4.0,12.0,25.0,104.4,"Продается прекрасная просторная светлая четырехкомнатная квартира на 12 этаже 25-этажного дома. Современный ремонт сделан с использованием качественных материалов, делали для себя, из кухни выход на застекленную просторную лоджию 2,2кв.м., из спальни выход на балкон 4,8 кв.м. Полы: паркетная доска, плитка. Квартира продается со всей мебелью и техникой: Планировка: 3 изолированные комнаты и одна смежная 18,8+13,9-19,0-11,6 кв.м.; просторная кухня; огромный санузел 4,8 кв.м. Чистый ухоженный подъезд, интеллигентные соседи. Развитая инфраструктура: в пешей доступности детские сады, школы, сетевые магазины, Мега, Ашан, различные кафе и рестораны, фитнес-клуб, медицинский центр, множество парков, детских и спортивных площадок. Транспортная доступность: 11 минут на общественном транспорте до метро Планерная, Речной вокзал, ж/д и МЦД Химки, удобное транспортное сообщение с Москвой и областью. В собственности более 5 лет, один взрослый собственник. Показы по договоренности.",,104.4,16.5,158.0
https://www.cian.ru/sale/flat/311592886/,https://images.cdn-cian.ru/images/kvartira-moskva-ulica-geroev-panfilovcev-2358002616-4.jpg,,"Москва, СЗАО, р-н Северное Тушино, м. Планерная, улица Героев Панфиловцев, 9к4с1",Пешком,25900000.0,259519.0,4.0,2.0,22.0,99.8,"Под авансом. В продаже 4х комнатная квартира для большой семьи, панель КОПЭ 2008г. постройки, все комнаты изолированы. Без перепланировок.
Окна на 3 стороны .Дом во дворах, всегда тихо. Рядом Поликлиника, Школа.
Квартира в одной семье приобреталась от застройщика.Свободная продажа,
 Без обременений, 3 взрослых собственника.
Свободна от проживания.
Документы к сделке собраны.
Помощь в оформлении сделки.",,99.8,25.9,259.5
https://www.cian.ru/sale/flat/310568316/,https://images.cdn-cian.ru/images/2335804068-4.jpg,,"Москва, СЗАО, р-н Куркино, м. Планерная, Воротынская улица, 4К1",Транспортом,39000000.0,283019.0,4.0,3.0,8.0,137.8,"Арт. 84686433 Продаётся просторная, светлая 4е-комнатная квартира в современном монолитном доме в экологически чистом и престижном районе Москвы. Удобная эксклюзивная планировка (отсутствие аналогов) с изолированными комнатами правильной формы, тремя санузлами и двумя просторными лоджиями. Большая кухня-гостиная с зимним садом станет эпицентром событий и идеальным местом для семейных ужинов и встреч с друзьями. В квартире также имеются продуманные места для хранения, гардеробная и просторная прихожая. Также есть комната под рабочий кабинет. Весь интерьер объекта продуман, стильный и гармоничный, создающий ощущение уюта и комфорта. Новым владельцам остаётся вся мебель и технику, что позволит сразу заехать и жить! В пешей доступности находится большое количество парков и скверов, где вы сможете прогуляться, зарядиться энергией природы и отдохнуть от городской суеты.
Дополнительно имеется кладовое помещение на этаже.
  
Отличное расположение, всё рядом: детские сады, школы, магазины, кафе, медицинский центр, МФЦ, фитнес и прочее. В 5 минутах пешком торговый центр Парус, где можно без труда найти товары и развлечения как для детей, так и для взрослых.
  
Хорошая транспортная доступность - всего 10 минут общественным транспортом до метро ""Планерная"", а также есть возможность добраться до станции D3 ""Химки"". На автомобиле всего 2 км до МКАД, быстрый выезд на Куркинское и Ленинградское шоссе. С парковкой проблем нет, машиномест много как во дворе, так и у дороги.
 
 Взрослый собственник более 5 лет. Полная стоимость в договоре. Обременений нет.
 
 Не упустите шанс стать владельцем этой уникальной квартиры! Звоните прямо сейчас, чтобы записаться на просмотр и сделать первый шаг к вашему новому дому!

 Покупая квартиру в агентстве МИЭЛЬ, вы получаете: 
- правовой сертификат, подтверждающий юридическую чистоту объекта; 
- лучшие условия и помощь в одобрении ипотеки в 20+ банках-партнерах; 
- самую полную базу новостроек и уникальных предложений от застройщиков.",,137.8,39.0,283.0
https://www.cian.ru/sale/flat/303551303/,https://images.cdn-cian.ru/images/kvartira-moskva-planernaya-ulica-2196339698-4.jpg,,"Москва, СЗАО, р-н Северное Тушино, м. Планерная, Планерная улица, 16К5",Пешком,16940000.0,268463.0,4.0,3.0,9.0,63.1,"Продается уютная светлая квартира у метро Планерная, находящаяся в окружении зелени.  
До метро Планерная 5 минут пешком, до ТПУ Планерная 3 минуты.
Детская поликлиника в 50 метрах, совсем недалеко школа и детский сад.
В 10 минутах ходьбы находятся Алешкинский лес и канал (Парк северное Тушино) .
Квартира готова к продаже без обременений, никто в квартире не прописан, без перепланировок, более 5 лет в собственности. 
Звонки принимаем до 21:00, оперативный показ.",,63.1,16.9,268.5
https://khimki.cian.ru/sale/flat/307592377/,https://images.cdn-cian.ru/images/kvartira-himki-kurkinskoe-shosse-2274968756-4.jpg,,"Московская область, Химки, мкр. Новые Химки, м. Планерная, Куркинское шоссе, 24",Транспортом,9750000.0,156501.0,4.0,6.0,9.0,62.3,"Продам 4-х комнатную квартиру с шикарным видом на пруд в центре города Химки. Очень зеленый, красивый район. Развитая инфраструктура. В пешей доступности школы, садик, магазины, банеи, аптеки и т.д. Активный транспортный трафик.  Остановки общественного транспорта в 5 мин. В квартире можно жить. Ремонт требуется. Один взрослый собственник. Приватизация. Свободная продажа.",,62.3,9.8,156.5
https://khimki.cian.ru/sale/flat/309952893/,https://images.cdn-cian.ru/images/kvartira-himki-molodezhnaya-ulica-2324226365-4.jpg,,"Московская область, Химки, мкр. Новые Химки, м. Планерная, Молодежная улица, 2А",Транспортом,25500000.0,230144.0,4.0,11.0,25.0,110.8,"Продается видовая четырехкомнатная квартира с дизайнерским ремонтом в доме с солидными соседями. Для ипотечных покупателей - помощь в получении субсидированной ипотеки под 15% годовых. Свободная продажа, основание собственности - ДКП 2020 года. Звоните, оперативный показ гарантирую.",,110.8,25.5,230.1
https://khimki.cian.ru/sale/flat/311569553/,https://images.cdn-cian.ru/images/kvartira-himki-molodezhnaya-ulica-2357399314-4.jpg,,"Московская область, Химки, мкр. Новые Химки, м. Планерная, Молодежная улица, 2",Транспортом,16998000.0,132797.0,4.0,7.0,17.0,128.0,"Вашему вниманию предлагается 
Самое ближнее Подмосковье - Химки. Самый короткий путь до МКАД - район 2Б.  Самый прекрасный вариант  просторной четырехкомнатной  квартиры  3+1=108,6 м2 + дополнительная площадь коридора с окном 12 м2 + две лоджии 4,6+2,6 м2 = 128 м2, используемой площади. Два санузла, один из них с окном. По очень выгодной цене. С узаконеной перепланировкой. Мечта. Хороший ремонт. На седьмом этаже. Очень теплая и светлая. Окна на две стороны. Подходит как для сдачи в аренду , так и для комфортного личного проживания. Квартира с прозрачной историей и без обременений. Комнаты все изолированные.
 Благоустроенный, зеленый, двор, стихийная парковка рядом с домом, спортивные и детские площадки, Развитая инфраструктура магазины, отделения банков, рестораны и кафе, детские сады, школы. Один взрослый собственник, более 10 лет в собственности.  Свободная продажа. Оперативный показ и быстрый выход на сделку! Возможен разумный торг!",,128.0,17.0,132.8
https://khimki.cian.ru/sale/flat/307635625/,https://images.cdn-cian.ru/images/kvartira-himki-kurkinskoe-shosse-2276187006-4.jpg,,"Московская область, Химки, мкр. Новые Химки, м. Планерная, Куркинское шоссе, 24",Транспортом,9900000.0,154688.0,4.0,6.0,9.0,64.0,ЛЬГОТНЫЕ УСЛОВИЯ ДЛЯ ИПОТЕЧНИКОВ!!! Срочная продажа. Один взрослый собственник. Светлая квартира в доме расположенном в самом центре Химок. Из окон квартиры открывается вид на парковую зону.  Район с развитой инфраструктурой.,,64.0,9.9,154.7
https://khimki.cian.ru/sale/flat/311562908/,https://images.cdn-cian.ru/images/kvartira-himki-ulica-mashinceva-2357274875-4.jpg,,"Московская область, Химки, мкр. Новые Химки, м. Планерная, улица Машинцева, 3",Транспортом,10200000.0,146763.0,4.0,8.0,9.0,69.5,"Продается уютная аккуратная 4-комнатная квартира в Новых Химках ул. Машинцева, д. 3. 8 этаж 9-этажного панельного дома. Общая площадь 69,5 кв.м, жилая 51 кв.м, кухня 6,3 кв.м, 3 изолированные комнаты и одна проходная, просторный коридор, лоджия застекленная, антресоли, кладовки, места для хранения. Квартира очень теплая и светлая. Рядом футбольный стадион, парк Дубки, Храм, 17 Лицей, школы, детские сады, поликлиника, магазины, рестораны, банки. В шаговой доступности остановка общественного транспорта до метро Планерная и Речной вокзал, МЦД Химки. СВОБОДНАЯ продажа! Собственность более 15 лет, полная стоимость в договоре. Никто не прописан, никто не проживает. Показ по предварительной договоренности!",,69.5,10.2,146.8
https://khimki.cian.ru/sale/flat/311278864/,https://images.cdn-cian.ru/images/kvartira-himki-molodezhnaya-ulica-2350880893-4.jpg,,"Московская область, Химки, мкр. Новые Химки, м. Планерная, Молодежная улица, 74",Транспортом,15600000.0,154916.0,4.0,16.0,25.0,100.7,"В продаже видовая четырехкомнатная квартира в шаговой доступности от ТЦ Мега! В квартире просторная гостиная, кухня, три спальни, раздельный санузел, два балкона, очень просторная прихожая. Во дворе несколько детских площадок для разного возраста. Также в шаговой доступности несколько детских садов, школы, поликлиника, фитнес клуб, много фруктовых магазинов, Ашан, кафе и рестораны, лесопарк, ледовый каток! Хорошая транспортная доступность: автобусная остановка возле дома. До метро Планерная 20минут, до метро Беломорская 25 минут.",,100.7,15.6,154.9
https://khimki.cian.ru/sale/flat/309771997/,https://images.cdn-cian.ru/images/2320394372-4.jpg,,"Московская область, Химки, мкр. Новые Химки, м. Планерная, Молодежная улица, 52",Транспортом,19000000.0,190000.0,4.0,10.0,25.0,100.0,"Код объекта: 1293358.
 Квартира для большой семьи!

Продается просторная, чистая, светлая 4-х комнатная квартира на 10-м комфортном этаже. Ремонт косметический. Перепланировка узаконена. Дом вдалеке от дороги. Застекленная лоджия. Окна выходят на три стороны (кроме запада). Летом в квартире не жарко, зимой не холодно! Три спальни, гостиная, уютная кухня, гардеробная, большой совмещенный санузел. В санузле установлена душевая и ванна! В комнатах встроенные шкафы.

Накопительный бойлер для горячей воды с разводкой на все точки - отключение горячей воды проходит незаметно, на полу паркетная доска и плитка, на кухне и санузле теплый пол, стены в гостиной, кухне и коридоре окрашены, в спальнях - обои. Электрика медная проводка. Два кондиционера - в одной из спален и гостиной. Кухня итальянская, посудомоечная машина, вытяжка. 

Невстроенная мебель может остаться покупателю по договоренности.

Доброжелательные соседи. Чистый подъезд с консьержем. 3 лифта (1 грузовой + 2 пассажирских).
Ухоженный, очень зеленый двор с большой детской и спортивной площадками. Во дворе - подземный паркинг.
Развитая инфраструктура: в пешей доступности несколько школ, лицей, детские сады, поликлиники, МЕГА, Леруа Мерлен, фитнес-клубы, парки , супермаркеты, в доме удобные магазины шаговой доступности, пункты выдачи Ozon, Wildberries, Я. Маркет.
 
Транспортная доступность: м. Планерная-15 мин. авто, м. Речной вокзал-15 мин. авто,  ж/д и МЦД Химки-10 мин. авто.
Удобный выезд на МКАД по Ленинградскому либо Новокуркинскому шоссе. 
Аэропорт Шереметьево-15 мин. на авто.

Альтернатива не сложная.
Документ-основания ДКП более 5 лет, один взрослый собственник. 

Остались вопросы- звоните!",,100.0,19.0,190.0
https://www.cian.ru/sale/flat/309270017/,https://images.cdn-cian.ru/images/kvartira-moskva-proezd-dosflota-2311656559-4.jpg,,"Москва, СЗАО, р-н Южное Тушино, м. Планерная, проезд Досфлота, 12",Транспортом,44100000.0,430244.0,4.0,2.0,5.0,102.5,"Новостройка. Бизнес. 5 этажей. 40 квартир. Терраса (+ 18 метров дополнительно к 103, с прямым видом на воду). Второй этаж. Потолки (4 метра), двери 2.40, лифт 2.40 KONA скоростной. Свободная планировка без стен.

Без отделки. Три санузла. Высокие окна (3 метра) на три стороны. Два балкона. Алюминиевые рамы Алютех, стекла Guardian. Вентиляция с подготовкой воздуха.  Фасад кирпич ручной формовки. Подземный паркинг. Дом в парке. Чистенько, тихо,  охрана, консьерж, садовник, вменяемая управляющая компания. Приятные соседи. Клубный дом.

Договор купли-продажи. Юридически чистый объект, без обременений. Один собственник.",,102.5,44.1,430.2
https://khimki.cian.ru/sale/flat/310423770/,https://images.cdn-cian.ru/images/2333199474-4.jpg,,"Московская область, Химки, мкр. Новые Химки, м. Планерная, улица Горшина, 6к2",Транспортом,16900000.0,159735.0,4.0,23.0,23.0,105.8,"Арт. 83960336 Продается светлая и уютная 4-х комнатная квартира в самом сердце города! 

 Описание:
Предлагаем вашему вниманию просторную 4-х комнатную квартиру с изолированными комнатами. Большая прихожая, два санузла и три балкона — все это создаёт идеальные условия для комфортного проживания. Из окон открывается великолепный вид на Химкинский залив и во двор.

  Расположение:
Дом расположен очень удобно, с точки зрения доступности транспорта до метро и МЦД,  продуктовых магазинов, торговых центров, выезда на Ленинградское, Мкад или улицу Свободы, перед домом одностороннее движение. Квартира на 23 этаже, выше полноценный технический этаж, что гарантирует тепло и сухость, без соседей над головой. В вашем распоряжении три лифта (два грузовых и один пассажирский), а также безопасный подъезд с домофоном, консьержем и видеонаблюдением.

 Инфраструктура:
Во дворе располагаются детская и спортивная площадки, рядом находятся два детских сада и школа. В 5 минутах сквер Марии Рубцовой с фонтанами и детскими площадками, парк Дубки с возможностью погулять или заняться спортом. Для шопинга — торговые центр ЛИГА, мебельный магазин ГРАНД и ХОФФ в шаговой доступности, в 10 минутах на общественном или личном транспорте ТЦ Мега Химки, Ашан. Удобная транспортная развязка: рядом несколько остановок, откуда легко добраться до метро и МЦД. Выезд на Ленинградское шоссе в сторону центра всего в 500 метрах.

 Документы:
Один собственник, квартира все время в одной семье (менее 5 лет в собственности). Полная стоимость в договоре купли-продажи, никто не прописан, задолженностей нет — все оплачивается в срок.

 Звоните и приходите на просмотр! Успейте стать владельцем этой замечательной квартиры! 

Покупая объект недвижимости в агентстве МИЭЛЬ вы получаете: - правовой сертификат подтверждающий юридическую чистоту объекта;- помощь в одобрении ипотеки, лучшие условия в 20+ банках-партнерах.",,105.8,16.9,159.7
https://krasnogorsk.cian.ru/sale/flat/311986538/,https://images.cdn-cian.ru/images/kvartira-putilkovo-volnaya-ulica-2366291841-4.jpg,,"Московская область, м. Планерная, Красногорск городской округ, Путилково пгт, улица Вольная, 7",Транспортом,15600000.0,179310.0,4.0,7.0,16.0,87.0,"Продам квартиру. Евро 4. Собственник.
ТОРГ!!!",,87.0,15.6,179.3
https://khimki.cian.ru/sale/flat/307985313/,https://images.cdn-cian.ru/images/2284401901-4.jpg,,"Московская область, Химки, мкр. Новые Химки, м. Планерная, проспект Мельникова, 5к1",Транспортом,22000000.0,239130.0,4.0,7.0,24.0,92.0,"Номер в базе: 2517187. Продается ШИКАРНАЯ 4х комнатная квартира евро формата в современном ЖК ""Новокуркино"" площадью 92 кв.м!

Окружение:

Погрузитесь в атмосферу уюта и спокойствия! Ваша новая квартира расположена в тихом районе с развитой инфраструктурой. В шаговой доступности находятся магазины, кафе и живописные парки для прогулок с семьей, такие как Дубки, Четыре Стихии и Дубрава.

О доме:

Это уникальная возможность стать частью дружного сообщества! Подъезд, лифтовая площадка и тамбур находятся в образцовом состоянии. Здесь вас ждут замечательные соседи, которые станут хорошими друзьями.

О квартире:

Эта квартира — не просто жилье, а широкое пространство, где комфорт встречается с функциональностью:
- Просторная кухня-гостиная: идеальное место для уютных вечеров.
- Гостиная: где можно собраться не только с семьей, но и с друзьями и погреться у шикарного электрокамина! 
- Уютная спальня: ваш личный уголок для отдыха и восстановления сил.
- Комната для ваших нужд: возможно это будет детская, ваш личный кабинет и т.д.
- Комната гостевая : может быть спальней для гостей или для вашего второго ребенка.
- Современный ремонт: квартира готова к заселению!

Инфраструктура:

В вашем распоряжении всё необходимое: магазины, школы, детские сады. Для активного образа жизни рядом фитнес-центры и торговые комплексы. Проведите время на свежем воздухе в близлежащих парках или насладитесь шопингом в крупном ТЦ ""МЕГА"".

Транспортная доступность:

Ваше новое жилье удобно расположено:
- МЦД Химки — всего 15 минут на общественном транспорте. 
- Метро Ховрино — всего 20 минут на авто. Идеально для тех, кто ценит время.
- Удобный выезд на Ленинградское шоссе и МКАД для автолюбителей.

Ищете идеальное жилье, которое подчеркнет ваш статус и обеспечит комфорт? У нас есть то, что вам нужно!

Не упустите шанс приобрести отличную квартиру по выгодной цене! Это не просто сделка — это ваше новое начало.

Звоните прямо сейчас, чтобы узнать все детали! Я помогу вам с одобрением ипотеки и полным юридическим сопровождением сделки.
Со мной вы сможете оформить СТАВКУ 14,99%!

Планируете продажу своей квартиры? Обращайтесь! Я готов предложить профессиональную помощь на каждом этапе.

С уважением,  
Архипов Даниил 
Ваш надежный специалист по недвижимости  
АН ЭТАЖИ

Код пользователя: 168517",,92.0,22.0,239.1
https://www.cian.ru/sale/flat/311816703/,https://images.cdn-cian.ru/images/kvartira-moskva-ulica-vilisa-lacisa-2362439698-4.jpg,,"Москва, СЗАО, р-н Северное Тушино, м. Планерная, улица Вилиса Лациса, 25К1",Пешком,29000000.0,293820.0,4.0,2.0,17.0,98.7,"Продается просторная 4-комнатная квартира площадью почти 100 кв. метров на ул. Вилиса Лациса, 25К1, в тихом и зеленом районе Северного Тушина. Отличная планировка с четырьмя изолированными комнатами создает комфортное пространство для большой семьи. В квартире два санузла, На данный момент вся мебель вывезена из квартиры. Квартира полностью освобождена.

Преимущества объекта:
-Площадь квартиры почти 100 кв.м. — отличное решение для семьи, нуждающейся в большем количестве жилых комнат.
-Четыре комнаты — можно организовать спальни, детские комнаты или кабинет.
Просторная душевая с ванной позволяет максимально расслабиться после насыщенного дня.
-Изолированные комнаты предоставляют уют и приватность для каждого члена семьи.
-Два санузла добавляют комфорта в повседневное проживание.

Инфраструктура и удобства района:
-Квартира расположена в шаговой доступности от метро ""Планерная"", что обеспечивает быстрый доступ к центру Москвы.
-Район хорошо оснащен всей необходимой инфраструктурой: рядом находятся школы, детские сады, магазины и поликлиника, что делает проживание здесь особенно комфортным.
-Для отдыха и активного времяпрепровождения недалеко расположены парки и бассейн.
-Соседи — спокойные и дружелюбные, что также добавляет плюсов к данной квартире.

Если у вас остались вопросы, Звоните, организуем быстрый и оперативный показ.",,98.7,29.0,293.8
https://www.cian.ru/sale/flat/296935446/,https://images.cdn-cian.ru/images/kvartira-moskva-proezd-dosflota-2176702533-4.jpg,,"Москва, СЗАО, р-н Южное Тушино, м. Планерная, проезд Досфлота, 12",Транспортом,53391000.0,390000.0,4.0,3.0,5.0,136.9,"Уникальное предложение: Апартаменты в корпусе А прямоугольной формы с возможность спланировать 4 изолированные спальни.

Видовые апартаменты с панорамными окнами на водную гладь канала имени Москвы, на легенду московской архитектуры недавно отреставрированный Северный Речной вокзал и прекрасный восход солнца.

Уважаемые покупатели предлагаю Вашему вниманию 3-комнатные апартаменты, расположенные по адресу: г. Москва, проезд Досфлота, д. 12 (административный округ Северо-Западный, район Южное Тушино).

Апартаменты находится в ЖК Досфлота, 10 на 3-этаже 5-этажного монолитно-кирпичного дома бизнес-класса 2023 года постройки. Общая площадь  136,9 кв. м., 3 санузла, высота апарта  4,2 м, окна во двор, по сторонам света  восток и север.

Проект Досфлота, 10  вошел в шорт-лист Архитектурной премии Москвы 2022;
Победитель Премии Move Realty Awards 2022 в Номинации Самый Экологически      Привлекательный ЖК г. Москвы; 
Победитель Премии URBAN AWARDS 2022 в номинации Лучший комплекс апартаментов бизнес-класса Москвы.

В уютном жилом комплексе клубного формата на 42 апартамента охраняемая территория, система видеонаблюдения, бесшумные премиальные лифты KONE, подземный паркинг на 44 м/м.

Транспортная доступность: станция метро Сходненская - 15 минут пешком, поездка на автомобиле до Кремля или ТТК займет всего 25 минут.

Инфраструктура: В шаговой доступности супермаркеты различных брендов, включая Азбуку Вкуса, ТЦ Калейдоскоп, гимназии, школы, детские сады, поликлиники.

Дом введён в эксплуатацию, апартаменты без отделки, ключи получены, 1 совершеннолетний собственник, свободная продажа. Ипотеку приветствуем.",,136.9,53.4,390.0
https://www.cian.ru/sale/flat/309472914/,https://images.cdn-cian.ru/images/kvartira-moskva-bulvar-yana-raynisa-2314597915-4.jpg,,"Москва, СЗАО, р-н Южное Тушино, м. Планерная, бульвар Яна Райниса, 31",Транспортом,66150000.0,449694.0,4.0,11.0,24.0,147.1,"Продаётся видовая квартира 147,1 кв.м., 11эт/24 этажного монолитного дома бизнес класса. Сделаны пазогребневые перегородки на 4 комнаты, штукатурка, шпаклевка. Пол керамзит, бетон, стяжка. 2 с/у совместных 13 кв.м+9,64кв.м. Просторная гардеробная в прихожей+кухня-гостиная 25,3кв.м+постирочная+2 лоджии, застекленные, раздвижные. Потолок 3м,бетон. Окна ПВХ, поворотно-откидные. Имеются специальные короба, для установки кондиционеров. Окна выходят на две стороны: на детскую площадку и во внутренний двор, на невероятно красивый вид  памятника природы ""Сходненской ковш"". В доме имеется двухуровневый паркинг с мойкой и возможностью попасть на парковку из лифта. Нет проблем с парковкой во дворе. По периметру дома, на первых этажах, расположены:медицинские центры, салон красоты, стоматология, кофейня, магазины, студия растяжки. Рядом с домом расположена школа, детский сад. Недалеко от дома поликлиника детская, взрослая, травмпункт. Имеется внутренний двор. В подъезде круглосуточная охрана. В собственности более 5 лет. Один взрослый собственник. Полная стоимость в ДКП. Прямая продажа. Показ в выходные дни. Звоните!",,147.1,66.2,449.7
https://khimki.cian.ru/sale/flat/310513499/,https://images.cdn-cian.ru/images/2334904990-4.jpg,,"Московская область, Химки, мкр. Новогорск, м. Планерная, улица Ивановская, 51к1",Транспортом,54000000.0,441899.0,4.0,4.0,8.0,122.2,"Номер лота: вт-0422486.
В продаже роскошная стильная квартира в живописном месте ЖК Олимпийская деревня Новогорск. Курорт
В квартире сделан ремонт по дизайн проекту с использованием качественных европейских материалов - мраморные столешницы, керамогранит, паркетная доска, сантехника Hansgrone. 
3 изолированные спальни, отдельная гостиная зона, кухня столовая со всей встроенной техникой Neff и Liebherr. 
Квартира продается со всей мебелью и техникой, профессионально подобранной и интегрированной в интерьер. 

Идеальное сочетание оттенков в каждой комнате, комфортно зонировано пространство.  Два санузла (с душевой кабиной и с ванной), две гардеробные комнаты, дополнительные шкафы для хранения. 
Красивые видовые характеристики из окон в сторону леса и реки.  Огороженная охраняемая территория. Подземный паркинг. Гостевая парковка. 

Свободная продажа. 1 взрослый собственник. Более 5 лет. Без обременений. Показы оперативно. 
 
 Содействие в получении специальных условий и преференций по ипотеке.",,122.2,54.0,441.9
https://www.cian.ru/sale/flat/307992305/,https://images.cdn-cian.ru/images/kvartira-moskva-bulvar-yana-raynisa-2284502206-4.jpg,,"Москва, СЗАО, р-н Южное Тушино, м. Планерная, бульвар Яна Райниса, 31",Транспортом,45000000.0,335821.0,4.0,4.0,24.0,134.0,"В  ЖК Бизнес класса  Балтийский квартет   продается  4-х комнатная квартира 134 кв.м. с ремонтом от застройщика !  В квартире очень функциональная планировка! 4 изолированные просторные комнаты, два санузла, балкон , две гардеробные комнаты. Квартира очень светлая , окна выходят во двор и нм тухую улицу , в некоторых комнатах имеется два окна. Есть возможность объединить кухню с комнатой и сделать кухню-гостинную, также за счёт коридора , есть возможность увеличить одну из гардеробные комнат. У собственника имеется одно парковочное место в подземном паркинге, которое продаётся за отдельную плату при необходимости.   Территория благоустроена, есть детская площадка.  В ЖК  закрытая охраняемая территория, круглосуточное видеонаблюдение по всему периметру, консъерж. Высококачественная отделка помещений входной группы, лифтовых и приквартирных холлов. Подземный паркинг, для вашего автомобиля и охраняемый  наземный для жителей дома. Развитая инфраструктура ( детские сады, школы, магазины, аптеки , кафе , фитнес клуб , басссен , парихмахерская , химчистка).  Шаговая доступность до станции метро ( м. Сходненская). Быстрый выезд на МКАД и Волоколамское шоссе. В пешей доступности Природно- исторический  парк "" Тушинский"". ЗВОНИТЕ !! Оперативный показ ! Быстрый выход на сделку ! Полная стоимость по договору ! Один взрослый собственник !",,134.0,45.0,335.8
https://khimki.cian.ru/sale/flat/303876753/,https://images.cdn-cian.ru/images/kvartira-himki-gorshina-ulica-2204017468-4.jpg,,"Московская область, Химки, мкр. Новые Химки, м. Планерная, улица Горшина, 8",Транспортом,23899000.0,183980.0,4.0,24.0,25.0,129.9,"Химки, Горшина 8. Въезд в двор через шлагбаум. Самый лучший подъезд в Химках! Большая четырехкомнатная квартира 129.9 кв.м. с изолированными комнатами, с 2 лоджиями, 2 совещенными санузлами, гардеробной и огромной кухней почти 15 кв.м.! Один взрослый собственник с 2010 года. Лёгкая альтернатива, подобрана. Без обременений и залогов. Прекрасно подходит под ипотеку. Полная стоимость в договоре, оперативный показ.",,129.9,23.9,184.0
https://www.cian.ru/sale/flat/311374608/,https://images.cdn-cian.ru/images/2355736704-4.jpg,,"Москва, СЗАО, р-н Северное Тушино, м. Планерная, улица Героев Панфиловцев, 1К2",Пешком,31000000.0,336226.0,4.0,2.0,17.0,92.2,"Четырехкомнатная квартира в престижном районе СЗАО Москвы. Современный панельный дом находится всего в 3 минутах пешком от станции метро Сходненская. Удобный доступ и отличная инфраструктура делают это предложение особенно привлекательным для большой семьи с детьми.  
  
Квартира расположена на втором этаже, выйдя из которой, вы сможете наслаждаться тихим и уютным двором. Первый этаж не жилой, что добавляет вашему жилью дополнительной безопасности и тишины. Изолированные комнаты площадями обеспечивают комфорт и приватность для каждого члена семьи, а кухня станет идеальным местом для кулинарных шедевров и теплых семейных встреч. Дополнительную площадь подсобного хозяйства придают две застекленные лоджии.  
  
Удобное расположение рядом с современными бульварами и ТЦ ""Калейдоскоп"", где вы найдете каток и 8-ми зальный кинотеатр, обеспечивает отличный досуг. В 15 минутах пешком расположен живописный парк ""Северное Тушино"" с велодорожками, пляжем и зонами отдыха. В шаговой доступности есть взрослая и детская поликлиники, а также лицей, который входит в список лучших школ Москвы — все, что нужно для комфортной жизни и воспитания детей.  
  
Квартира подготовлена для начала чистовой отделки, что позволит вам сделать ремонт по вашим предпочтениям. Не упустите уникальную возможность стать владельцем этого замечательного жилья!",,92.2,31.0,336.2
https://www.cian.ru/sale/flat/308798614/,https://images.cdn-cian.ru/images/kvartira-moskva-sokolovomeshcerskaya-ulica-2300714164-4.jpg,,"Москва, СЗАО, р-н Куркино, м. Планерная, Соколово-Мещерская улица, 31",Транспортом,33200000.0,331668.0,4.0,4.0,18.0,100.1,"Просторная, уютная квартира с дизайнерским ремонтом и видом на парк! В квартире 2 спальни, гостинная, кухня, кабинет, гардеробная, кладовка и 2 санузла . В квартире выполнен дизайнерский ремонт. На кухне, в санузлах, коридоре и балконе полы с подогревом. Приличные соседи. Чистый и ухоженный подъезд. Консъерж и солидная входная группа. В доме есть подземный паркинг, можно или купить или взять в аренду машино-место. Вокруг дома и на придомовой территории всегда есть место где припарковать автомобиль. Дом монолитно кирпичный бизнес класа. Парковпя зона окружает домовую территорию. Вся инфраструктура города в шаговой доступности! Продажа альтернативная. Два взрослых собственника. Полная стоимость в договоре.",,100.1,33.2,331.7
https://khimki.cian.ru/sale/flat/308717753/,https://images.cdn-cian.ru/images/kvartira-himki-molodezhnyy-proezd-2299275999-4.jpg,,"Московская область, Химки, мкр. Новые Химки, м. Планерная, проезд Молодежный, 8",Транспортом,15400000.0,154463.0,4.0,10.0,25.0,99.7,"Просторная квартира с большими комнатами и множеством мест для размещения систем хранения. За счет планировки хорошая изоляция комнат от кухни и с/у. Установлены электрические теплые полы в коридоре, кухне и с/у. Чистый подъезд, есть консьержка. Прямо во дворе школа, через дом детский сад. 
Быстрый выход на сделку, гарантия юридической чистоты, полная стоимость в договоре. В квартире никто не прописан",,99.7,15.4,154.5
https://khimki.cian.ru/sale/flat/307396403/,https://images.cdn-cian.ru/images/2270072304-4.jpg,,"Московская область, Химки, мкр. Новые Химки, м. Планерная, улица Бабакина, 9",Транспортом,30000000.0,161290.0,4.0,6.0,16.0,186.0,"В продаже 4 комнатная квартира 186 кв.м (состоит из 2х квартир) по адресу г. Химки, ул.Бабакина 9. Удачная планировка, которая позволяет рационально использовать пространство. Комнаты изолированные. Этаж 6 . Квартира расположена в непосредственной близости от границы Москвы. Квартира расположена в одном из самых благоустроенных районов Подмосковья, с развитой инфраструктурой, в окружении природных зон отдыха и пляжей. Окна во двор и на улицу. В квартире сделан ремонт из высококачественных материалов. Итальянская кухня, бытовая техника премиум класса. Входная дверь с защитой от шума и запаха. Подъезд чистый, соседи семейные. Развитая инфраструктура. Школа, детский сад, поликлиника, магазины в пешей доступности . До метро 10 минут, удобный выезд на МКАД, остановка общественного транспорта около дома. Позитивная атмосфера жильцов дома молодого и среднего возрастов. Один собственник более 5 лет. Обременений и залогов нет. Свободная продажа. Оперативный показ и быстрый выход на сделку. Помощь в одобрении ипотеки.
                
Всегда рады Вам помочь. С уважением, коллектив Мост недвижимость!",,186.0,30.0,161.3
https://www.cian.ru/sale/flat/309471143/,https://images.cdn-cian.ru/images/kvartira-moskva-sokolovomeshcerskaya-ulica-2314572676-4.jpg,,"Москва, СЗАО, р-н Куркино, м. Планерная, Соколово-Мещерская улица, 31",Транспортом,38000000.0,291411.0,4.0,12.0,18.0,130.4,"Продажа 4х комнатной квартиры в экологически чистом районе Куркино! 

О доме: 2006 года постройки, монолитный, выполнен по индивидуальному проекту,  подземный паркинг (есть 2а машиноместа за отдельную плату), видеонаблюдение, консьерж, два лифта — пассажирский и грузовой.

О квартире: интерьер квартиры выполнен в едином стиле, кухня оборудована кухонным гарнитуром (Италия) со всей необходимой встроенной бытовой техникой: индукционная варочная панель  (Electrolux), духовой шкаф со встроенной СВЧ, посудомоечная машина, холодильник Side by Side (Sharp). Изолированные 4е комнаты: гостиная, 3и спальные комнаты, просторная прихожая, коридор оборудован многосекционным шкафом из массива дуба, в постирочной комнате установлен водонагреватель и сделаны выводы под стиральную и сушильную машинку, два совмещенных с/узла (с ванной и душевой кабиной). Электрический теплый пол (коридор, кухня и с/узлы). Два кондиционера (в гостиной и спальне). Застекленная лоджия.  

Инфраструктура: дом расположен в одном из лучших районов Москвы, есть все необходимые удобства для комфортного проживания - детская площадка, спортивные залы, кафе, рядом с домом находится прекрасный парк обустроенный прогулочными дорожками. Зеленый и благоустроенный район, создает приятную атмосферу для проживания.

Гарантия юридической чистоты, безопасные расчеты по сделке, в кратчайшие сроки возможен выкуп вашей квартиры (Trade-in), помощь в одобрении по ипотеке.",,130.4,38.0,291.4
https://khimki.cian.ru/sale/flat/311473203/,https://images.cdn-cian.ru/images/2355307285-4.jpg,,"Московская область, Химки, мкр. Новые Химки, м. Планерная, Молодежная улица, 60",Транспортом,18999999.0,182692.0,4.0,23.0,25.0,104.0,"Арт. 60860864 Эксклюзив от Бест недвижимость на Речном!

Квартира: 4-комнатная квартира площадью 104 м, на 23 этаже 25-этажного панельного дома. Одна из самых удачных планировок в категории аналогичных домов. Функциональная планировка выгодно презентует каждый сантиметр в квартире. В квартире выполнен дорогой ремонт. Окна выходят на обе стороны: в благоустроенный двор. Большое преимущество данной квартиры — просторная лоджия/балкон.

Инфраструктура/Территория: Расположение дома — это оснащенного полной современной инфраструктурой, в шаговой доступности все необходимые сервисы  детские сады, школы, магазины, химчистки, на любой финансовый запрос. 

Локация: Локация дома удачна, как для автомобилистов  развязки дорог Новокуркинского шоссе дают возможность удобного подъезда к дому; так и для тех, кто пользуется общественным транспортом, 15 до ст. метро Планерная, Речной вокзал, рядом у дома остановка автобуса.",,104.0,19.0,182.7
https://www.cian.ru/sale/flat/307716185/,https://images.cdn-cian.ru/images/2278452237-4.jpg,,"Москва, СЗАО, р-н Куркино, м. Планерная, Соколово-Мещерская улица, 16/114",Транспортом,32490000.0,300000.0,4.0,4.0,6.0,108.3,"Код объекта: 1249166.
 Светлая просторная 3-комнатная квартира в центре Куркино, одного из самых красивых и экологически чистых районах Москвы. Дом находится в районе на северо-западе Москвы с развитой инфраструктурой.

Дом расположен в экспериментальной застройке Правительства Москвы, где нет типовых серий и практически нет повторяющихся форм домов, широкие дороги, множество паркингов и парковочных мест, беговые и вело дорожки, места для занятия спортом по всему Куркино.
Три изолированные комнаты, два полноценных санузла, один с ванной, другой с душевой кабиной, две гардеробные и большая, просторная кухня-гостинная.
 
Чистый подъезд с консьержкой, подземный паркинг.
Парк Дубрава, магазины, кафе, школы, детские сады - вся инфраструктура в пешей доступности!
МЦД-3 в пяти минутах езды, метро Планерная -15 мин.",,108.3,32.5,300.0
https://www.cian.ru/sale/flat/304107319/,https://images.cdn-cian.ru/images/dolya-v-kvartire-moskva-shturvalnaya-ulica-2208471041-4.jpg,,"Москва, СЗАО, р-н Южное Тушино, м. Планерная, Штурвальная улица, 5С1",Транспортом,8310000.0,131905.0,,,,,"2/3 доли в 4-х комнатной квартире рядом с метро Сходненская!! Вся богатая инфраструктура обжитого района: Гипермаркет ""Калейдоскоп"", магазины,банки,школы,детские сады, Москва река рядом,парки,прогулочные зоны и многое другое! Два взрослых собственника, быстрый выход на сделку,торг!",,nan,8.3,131.9
https://www.cian.ru/sale/flat/306325786/,https://images.cdn-cian.ru/images/kvartira-moskva-sokolovomeshcerskaya-ulica-2249746738-4.jpg,,"Москва, СЗАО, р-н Куркино, м. Планерная, Соколово-Мещерская улица, 16/114",Транспортом,32500000.0,300092.0,4.0,4.0,6.0,108.3,"Убедительная простба, агентствам не беспокоить и не предлагать услуги по продаже!!!! 4-х комнатная квартира, 3 спальни, кухня-гостинная, 2 совмещенных санузла, окна во двор, стеклопакеты, ремонт, свободная продажа, один собственник. Чистый подезд, консержка. Квартира приобреталась от застройщика.",,108.3,32.5,300.1
https://khimki.cian.ru/sale/flat/298091811/,https://images.cdn-cian.ru/images/kvartira-himki-ulica-babakina-2152843291-4.jpg,,"Московская область, Химки, мкр. Новые Химки, м. Планерная, улица Бабакина, 15",Транспортом,41000000.0,315385.0,4.0,25.0,26.0,130.0,"Продается квартира с машиноместом в подземном паркинге. Просторная, светлая квартира с прекрасным видом. Полностью укомплектована и готова к проживанию. Теплые лоджии, постирочная, кладовая, теплые полы, кондиционеры, водонагреватель, фильтры на воду, мебель и техника.  Огороженная территория, лифт в паркинг.",,130.0,41.0,315.4
https://khimki.cian.ru/sale/flat/310048649/,https://images.cdn-cian.ru/images/kvartira-himki-9-maya-ulica-2326049599-4.jpg,,"Московская область, Химки, мкр. Новые Химки, м. Планерная, 9 Мая улица, 14",Транспортом,12000000.0,186047.0,4.0,9.0,9.0,64.5,Собственник. Альтернативная продажа.,,64.5,12.0,186.0
https://khimki.cian.ru/sale/flat/309348269/,https://images.cdn-cian.ru/images/2312150701-4.jpg,,"Московская область, Химки, мкр. Новогорск, м. Планерная, улица Ивановская, 53к2",Транспортом,89000000.0,584757.0,4.0,8.0,8.0,152.2,"ID: V137 Вашему вниманию представляется эксклюзивное предложение: великолепная четырехкомнатная квартира с грамотно продуманной планировкой, общей площадью 152.2 кв. м, расположенная на 8-м этаже кирпично-монолитного дома, построенного в 2016 году. Кухня-гостиная площадью 33.89 кв. м с панорамными окнами, что дарит невероятный свет и уют, выходя на просторную террасу, где можно организовать отдых с семьей и друзьями, установив столик и мангал для жарких летних вечеров.  
Квартира полностью укомплектована дорогой качественной мебелью и современной техникой, что позволяет вам сразу же насладиться комфортом и стилем. Изолированные комнаты площадью 18.01, 15.67, 15.15 и 16.46 кв. м обеспечивают личное пространство для каждого члена семьи, а два полноценные санузла с сантехникой от Villeroy & Boch и теплым полом создают дополнительный комфорт. Высокие потолки (3.2 м) и полы из паркетной доски подарят атмосферу простора и роскоши.  Кроме того, постирочная комната обеспечивает удобство в быту, а наличие лоджии и просторной террасы с видом на зеленый двор позволяют наслаждаться свежим воздухом и природными пейзажами, ещё предлагает множество вариантов для организации зон отдыха.  
Комплекс ""Олимпийская Ривьера"" - это первый в Подмосковье жилой комплекс курортного типа с собственной территорией, уникальной архитектурой в экологически чистом районе Химок обеспечивает вас не только комфортом, но и близостью к природе: в шаговой доступности находится природный парк Долина реки Сходни. Инфраструктура района отлично развита — рядом магазины, детские сады, школы, кафе и фитнес-клуб с бассейном. Удобное расположение позволяет за 15 минут добраться до станции метро ""Митино"", а быстрый выезд на Ленинградское шоссе обеспечит легкий доступ к центру города и другим районам.  
  
Не упустите возможность стать владельцем этой невероятной квартиры, где каждый элемент продуман до мелочей для вашего комфорта и стиля жизни",,152.2,89.0,584.8
https://khimki.cian.ru/sale/flat/296669346/,https://images.cdn-cian.ru/images/kvartira-himki-molodezhnaya-ulica-2065911741-4.jpg,,"Московская область, Химки, мкр. Новые Химки, м. Планерная, Молодежная улица, 68",Транспортом,16000000.0,160481.0,4.0,7.0,25.0,99.7,"Продаётся просторная четырёх комнатная квартира функциональной планировки в красивом, современном районе г. Химки. Все комнаты изолированные, просторный коридор и хол. Из гостиной выход на большую, основательно утеплённую лоджию, может быть использована как дополнительное самостоятельное помещение. На кухне лоджия так же утеплена. Установлены три кондиционера фирмы MDV. Установлен дополнительный бойлер на 40 л и магистральные фильтры на воду. Межкомнатные двери окрашенный массив дерева. Кухонный гарнитур со встроенной техникой, гарнитур ванной комнаты остаются. Остальные предметы мебели по договорённости и необходимости. В подъезде работает консьерж, есть лифт для колясок. Инфраструктура района полностью налажена и удобна. Две школы 7 и 10 минут пешком, два детских садика, видны из окна 3 минуты пешком, магазины, поликлиники, пункты выдачи - все на территории жилого массива, в шаговой доступности ТРЦ МЕГА и благоустроенный зелёный парк. Есть договор с платной парковкой на одно машиноместо 2500р/месяц в 7 минутах ходьбы, переоформим на новых собственников. Удобный выезд на магистрали, регулярный общественный и маршрутный транспорт до метро Сходненская и Планерная, МЦД 3 станция Химки 15 минут. Один взрослый собственник, более 5 лет в собственности, никто не зарегистрирован в квартире. 
Альтернативная продажа.",,99.7,16.0,160.5
https://khimki.cian.ru/sale/flat/311744553/,https://images.cdn-cian.ru/images/kvartira-novogorsk-ivanovskaya-ulica-2362758367-4.jpg,,"Московская область, Химки, мкр. Новогорск, м. Планерная, улица Ивановская, 53к2",Транспортом,54900000.0,434679.0,4.0,7.0,8.0,126.3,"ЖK ""Олимпийcкая Ривьера Новогоpск"" квaртира с экcклюзивным дизaйнeрским peмoнтoм и мeбелью. ДВЕ cпaльни, гocтиная с бaлкoном + кухня, санузeл и гардерoбная. Пaноpамныe оcтeклениe, элитнoе окpужeниe. Это - единcтвeнный комплекc пpемиум-класcа курoртнoгo типа с сoбствeнным острoвoм, на берегу реки, в экологически чистом месте, в окружении природного парка, со всей инфраструктурой: рестораны Шале Березка и Художница, Академия гимнастики Ирины Винер, Академия фехтования Ильгара Мамедова, Академия бокса Александра Лебзяка, школа волейбола, школа единоборств, Академическая гимназия, детский сад, фитнес-клуб с бассейном, кафе, рестораны, салоны красоты, магазины.

В непосредственной близости расположен ""Фермерский дворик ""Новогорск"", уникальные медучреждения и клиники. Особое природное окружение: лыжные и беговые трассы, лесные озера, природный парк, посередине реки, напротив корпусов жилого комплекса, находится естественный остров, где обустроены лодочный причал и пляж. С обоих берегов на остров проложены пешеходные мостики, разнообразные детские и спортивные площадки, благоустроенная набережная, беговые и прогулочные дорожки, ландшафтное озеленение.

Подземный паркинг и открытая гостевая парковка. Территория огорожена, круглосуточная военизированная охрана и видеонаблюдение, въезд через КПП по пропускам.

Свободная продажа.",,126.3,54.9,434.7
https://khimki.cian.ru/sale/flat/299980556/,https://images.cdn-cian.ru/images/kvartira-himki-molodezhnaya-ulica-2130604620-4.jpg,,"Московская область, Химки, мкр. Новые Химки, м. Планерная, Молодежная улица, 52",Транспортом,16500000.0,163528.0,4.0,5.0,25.0,100.9,"Продается 4-комнатная квартира на 5-м этаже 18-25 этажного дома. 
Достоинства: 
1. Хорошая транспортная доступность до нескольких станций метро, а также до ст. Химки, в пешей доступности ст. МЦД;
2. Хорошо развита инфраструктура: в пешей доступности большое количество магазинов (в доме пункты  выдачи Ozon, Wildberries, Я. Маркет), предприятий общепита, детские сады, школы, поликлиника;
3. Чистый подъезд, есть консьерж. На этаже на лифтовой площадке сделан ремонт.
4. Во дворе новая современная детская площадка;
5. Удачное расположение квартиры: торцевая, выходит во двор на 3 стороны, в квартире тепло зимой и не жарко летом;
6. Несогласованные перепланировки, обременения, необходимость согласования с опекой отсутствуют. Квартира подходит под ипотеку, различные программы, сертификаты.
Недостатки:
1. Сложности с парковкой во дворе (при желании можно арендовать машино-место в паркинге рядом с домом)
2. Квартира требует обновления ремонта. Квартира ухоженная и при необходимости первое время можно жить без ремонта или сделать косметический ремонт с небольшими затратами, напр., покрасить стены, потолок (стены, потолок выровнены, идеальны под покраску).
3. В квартире один раздельный санузел; одна лоджия.

Квартиру продаёт собственник, альтернативная сделка. При желании возможно полное сопровождение сделки без дополнительной оплаты посреднических услуг.",,100.9,16.5,163.5
https://www.cian.ru/sale/flat/308539910/,https://images.cdn-cian.ru/images/2295420989-4.jpg,,"Москва, СЗАО, р-н Южное Тушино, м. Планерная, Светлогорский проезд, 7",Транспортом,25500000.0,252475.0,4.0,19.0,22.0,101.0,"Id 25195. Вашему вниманию предлагается 4-х комнатная квартира!!!
 Панорамный вид,  все комнаты изолированные. Дом серии КОЭП, 22- этажный панельный дом.
 
Располагается в одном из самых экологически чистых и зеленых районов Москвы. Расположен на границе с природным памятником Сходненский ковш, обустроенным дорожками для прогулок, детскими площадками, местами для занятий спортом и отдыха, а так же имеется смотровая площадка.
 
Удобная транспортная доступность, в пешей доступности станции метро Сходненская и ст. Трикотажная, также транспортная доступность до м. Тушинская и м. Волоколамская. Развитая инфраструктура: школы, поликлиники, магазины.

• Быстрый выход на сделку.
• Оперативные показы по договорённости.",,101.0,25.5,252.5
https://khimki.cian.ru/sale/flat/298907434/,https://images.cdn-cian.ru/images/kvartira-novogorsk-zarechnaya-ulica-2107836392-4.jpg,,"Московская область, Химки, мкр. Новогорск, м. Планерная, улица Заречная, 4к3",Транспортом,75000000.0,440141.0,4.0,8.0,8.0,170.4,"Продаем шикарную 4хкомнатную квартиру в семейном спортивно-образовательном  кластере Олимпийская деревня Новогорск. Это первый в России девелоперский проект, объединивший в одну концепцию жилые комплексы бизнес-класса и рекордное количество инфраструктурных объектов международного уровня. В основе концепции кластера лежит простая, но очень своевременная и востребованная идея: объединить под одной крышей, на одной территории, все ключевые составляющие гармоничного воспитания и семейного развития образование, спорт, культуру и частную жизнь.В жилых комплексах построены детские и спортивные площадки (баскетбол, волейбол, воркаут), беговые и прогулочные дорожки, бобслейная горка, всесезонный бассейн с подогревом, зоны отдыха. Выполнено оригинальное ландшафтное озеленение, а также сохранена часть природного ландшафта, берега реки укреплены и благоустроены. Создана безбарьерная среда: пандусы, съезды, увеличенные дверные проемы общественных зон.Территории жилых комплексов огорожены и находятся под круглосуточным наблюдением, въезд осуществляется через контрольно-пропускные пункты.
Квартира находится на 8 этаже с великолепным пейзажем всего комплекса и лесного массива. Имеются машиноместа в подземном паркинге. Ремонт в самой квартире, выполнен из высококачественных . экологически чистых,  материалов . Стеклопакеты с подогревом ,приточная вентиляция . Большая гостинная , вмещает в себя кухню и столовую общ пл 52кв,м., имеется кабинет . две просторные гардеробные., три полноценных санузла. Квартира продается с мебелью и встроенной бытовой техникой (от ведущих производителей). 
Документы готовы к сделке , продажа свободная, взрослый собственник. Никаких  ограничений и обременений не имеется,  а так же материнского капитала и прочих .",,170.4,75.0,440.1
https://www.cian.ru/sale/flat/304763576/,https://images.cdn-cian.ru/images/2220361535-4.jpg,,"Москва, СЗАО, р-н Куркино, м. Планерная, Соколово-Мещерская улица, 31",Транспортом,33200000.0,331668.0,4.0,4.0,18.0,100.1,"Арт. 69613308 Продается красивая, светлая 4-х комнатная квартира общей площадью 100,1 кв.м.
Качественный дизайнерский ремонт, гостиная, большая кухня, 2 с/узла, застекленный балкон, гардеробная, кладовка, теплый пол. Дом монолитный, бизнес-класса, перекрытия ж/бетонные, грузовой и пассажирский лифты, мусоропровод. Красивая входная зона, ухоженный, чистый подъезд, консьерж. Красивые виды из окна, во дворе - детская площадка. Подземный паркинг (можно взять в аренду или выкупить машиноместо), а также открытая бесплатная парковка перед домом. 
Удобное расположение: 15 мин. транспортом от м. Планерная. Рядом находится вся необходимая инфраструктура: магазины, супермаркеты, м-н Перекресток, ВкусВилл, детский сад, школы, салоны красоты, аптеки, фитнесс-клубы, бассейны, медцентры, Торгово-развлекательный центр МЕГА, банки, кафе и др., расположены остановки общественного транспорта (автобусы и маршрутки).
Обременений нет. Вся сумма в договоре. Оперативный показ.",,100.1,33.2,331.7
https://khimki.cian.ru/sale/flat/276918458/,https://images.cdn-cian.ru/images/17/208/531/kvartira-novogorsk-ivanovskaya-ulica-1358027157-4.jpg,,"Московская область, Химки, мкр. Новогорск, м. Планерная, улица Ивановская, 53к1",Транспортом,44000000.0,318841.0,4.0,7.0,8.0,138.0,"Продается великолепная 4х комнатная квартира в элитном  ЖК ""Олимпийская Ривьера Новогорск"" общей площадью 138кв.м., расположенном на берегу реки, в 6 км от МКАД.
Панорамные окна, великолепный вид на воду, без отделки.  Квартира в собственности, ключи на руках, свободная  юридически  и физически.
Свободная продажа, 1 взрослый собственник. 
ЖК ""Олимпийская Ривьера Новогорск"" - единственный в ближайшем Подмосковье комплекс бизнес-класса курортного типа с собственным островом.  Комплекс расположен на берегу реки, в экологически благоприятном месте,  в окружении природного парка, в 6 км от МКАД.
Рядом: школа волейбола, Академия фехтования, Центр гимнастики Ирины Винер,  Академия бокса, Школа единоборств, Школа трех искусств Алексея Кортнева, Академическая гимназия, детский сад, фитнес-клуб с бассейном, рестораны, салоны красоты, магазины. В непосредственной близости расположен рынок ""Фермерский двор ""Новогорск"", медучреждения и др.  
Уникальное природное окружение: природный парк, посередине реки, напротив корпусов жилого комплекса, находится естественный остров,  где обустроены лодочный причал и пляж. С обоих берегов на остров проложены пешеходные мостики. Территория огорожена, круглосуточная охрана и видеонаблюдение, въезд  через КПП по пропускам.
В 5 минутах езды - МЕГА, Ашан, ИКЕА.",,138.0,44.0,318.8
https://khimki.cian.ru/sale/flat/278657658/,https://images.cdn-cian.ru/images/2196163068-4.jpg,,"Московская область, Химки, мкр. Новые Химки, м. Планерная, Молодежная улица, 7к1",Транспортом,39000000.0,195000.0,4.0,25.0,25.0,200.0,"Лот 40734183. Видовой пентхаус  с высокими потолками 4,5 м. в современном монолитном ЖК . Дом выполнен  в стиле hi-tech ,расположен в одном из самых благоустроенных районов Подмосковья, находится всего в 1 километре от МКАД. Владельцы квартир смогут доехать до ближайших станций метро  Планерная ,Сходненская,Речной вокзал всего за 7-8 минут, - быстрее, чем жители некоторых районов Москвы.ТЦ ""МЕГА"" в 10 минутах езды. Можно приобрести или арендовать машиноместо в подземном паркинге. 
Вблизи расположен Алёшкинский лес, благодаря чему жители могут наслаждаться чистым воздухом .Рядом школы, детские сады, поликлиники, больница, магазины, кафе, салоны красоты, спортивные площадки. Недалеко находится деловой центр , в котором соединены офисы, яхт-клуб, арт-галерея, рестораны и т. д. В квартире свободная планировка -позволяет выполнить любой дизайн,три большие видовые лоджии.Свободная продажа,один взрослый собственник.
  Агент Дубровина Марина Владимировна, НДВ-Супермаркет недвижимости",,200.0,39.0,195.0
https://khimki.cian.ru/sale/flat/312124859/,https://images.cdn-cian.ru/images/2369271924-4.jpg,,"Московская область, Химки, мкр. Новогорск, м. Планерная, улица Ивановская, 53к2",Транспортом,72800000.0,645390.0,4.0,4.0,8.0,112.8,"id:15324. 
Потрясающая квартира с ТРЕМЯ спальнями.  
Уникальный элитный закрытый Комплекс ""Олимпийская Ривьера"" г. Новогорск. 
Рядом ЖК Олимпийская Деревня 
Дом 2017 г площадь 112.8 кв м
Панорамные окна на три стороны открывают живописный пейзаж набережной и леса, просторная кухня-гостиная, лоджия в гостиной два полноценных санузла, в одном ванная и душевая кабина. В квартире остаётся ВСЁ. Установлена система ""Умный дом"", управляется с любой точки мира с телефона. 
В кухне вся техника швейцарской фирмы ASKO
Вся  отделка дорогих и качественных материалов. Зональное освещение. Квартира с авторским дизайном получила признание и первое место на выставке недвижимости в Милане. 
Гардеробная, встраиваемые шкафы.  Проще спросить чего нет, потому что есть все.  
Территория полностью охраняемая.  Можно приобрести место в подземном паркинге, на парковке у подъезда всегда есть свободные места. 
Единственный в ближайшем Подмосковье комплекс бизнес-класса курортного типа с собственным островом. Комплекс расположен на берегу реки, в экологически благоприятном месте, в окружении природного парка, в 6 км от МКАД. 
Проезд на автомобиле из Москвы возможен по Ленинградскому, Новокуркинскому и Куркинскому шоссе, а также по скоростной магистрали М-11. В шаговой доступности от комплекса есть остановка автобусов и маршрутных такси, курсирующих до ж/д станции Химки и метро Планерная. Скоростная электричка Ласточка доезжает до Ленинградского вокзала за пятнадцать минут. На автобусе можно доехать до торговой площадок МЕГА с гипермаркетами Ашан, Оби. На территории находятся Академическая гимназия и детский сад при ней, Академия спорта Ирины Винер-Усмановой, Школа бокса Александра Лебзяка, Академия фехтования, гольф-клуб, теннисный клуб, Школа Трех Искусств Алексея Кортнева и другие. Фитнес-клуб с бассейном, спа-салоны, рестораны, отели. Рядом находится гимназия с углубленным изучением иностранных языков, строят Перекрёсток. Огромная территория для детей, 3 площадки, зона для волейбола, бадминтона. Звоните! Быстрый выход на сделку. Свободна, после ремонта никто не жил.",,112.8,72.8,645.4
https://khimki.cian.ru/sale/flat/299959366/,https://images.cdn-cian.ru/images/kvartira-himki-ulica-stroiteley-2130102130-4.jpg,,"Московская область, Химки, мкр. Новые Химки, м. Планерная, улица Строителей, 8",Транспортом,13000000.0,162297.0,4.0,1.0,9.0,80.1,"Продаётся квартира в 9-ти этажном панельном доме, 4 изолированные комнаты, раздельный санузел, застекленная лоджия. Квартира с косметическим ремонтом, есть мебель и техника. Один взрослый собственник, более 5 лет. Комфортное месторасположение, рядом вся инфраструктура: магазины, остановки, дет.сад, школа. До метро Планерная 10 минут на авто. Звоните, показ по договоренности.",,80.1,13.0,162.3
https://khimki.cian.ru/sale/flat/310796791/,https://images.cdn-cian.ru/images/kvartira-himki-yubileynyy-prospekt-2340512509-4.jpg,,"Московская область, Химки, мкр. Новые Химки, м. Планерная, Юбилейный проспект, 82",Транспортом,12450000.0,199519.0,4.0,9.0,9.0,62.4,"Продаётся 4х комнатная квартира. 
Квартира расположена на 9 этаже 9 этажного дома. 
Рядом с домом прекрасная инфраструктура - огромное количество различных магазинов, МФЦ, школа и детский сад, детская поликлиника. В пешей доступности Мега Химки и Лемана Про (леруа мерлен).
Двор большой с множеством парковочных мест. 
Квартира без перепланировок, с ремонтом. 
Большая застекленная лоджия (4,5 кв.м.)  Подъезд чистый, неприятные запахи отсутствуют.  Два пассажирских лифта.
Два собственника.
В собственности более 5 лет.
Легкая альтернатива у одного из собственников.
Показ по предварительной договорённости в удобное для Вас время.
Являюсь единственным официальным представителем собственников.",,62.4,12.4,199.5
,,,,,29294831.65625,272125.34375,—,—,—,104.1131746031746,Средние значения,64,104.1,29.3,272.1
,,,,,22443999.9,283452.1,—,—,—,78.41000000000001,Средние значения,10,78.4,22.4,283.5
,,,,,30563504.203703705,270027.7962962963,—,—,—,108.96283018867923,Средние значения,54,109.0,30.6,270.0
,,,,,,,—,—,—,,Средние значения,0,nan,nan,nan
,,,,,29294831.65625,272125.34375,—,—,—,104.1131746031746,Средние значения,64,104.1,29.3,272.1
