card_url,image_url,В ЖК,Адрес,От метро,"Цена, ₽","Цена за м², ₽",description,Комнат,Этаж,Этажность,Площадь,Количество,"Площадь, м²","Цена, млн. ₽","Цена за м², тыс. ₽"
https://www.cian.ru/sale/flat/310832812/,https://images.cdn-cian.ru/images/2341187260-4.jpg,ЖК «Lucky»,"Москва, ЦАО, р-н Пресненский, м. Краснопресненская, 2-я Звенигородская улица, 14",Пешком,529260641.0,1761853.0,"Продаётся двухуровневая 4 - комнатная квартира (Корпус 8), общей площадью 306,7 кв.м., на 19 и 20 этаже с собственной террасой площадью - 21 кв. м. Квартира сдается с премиальной отделкой, включающей оборудованную кухню и ванные комнаты. 
В квартале представлена инфраструктура для всей семьи: парки и скверы, билингвальный детский сад La Berezka, собственный 600 м. игровой парк для детей, фитнес с подогреваемым бассейном на крыше, рестораны, кафе и магазины органических продуктов. В шаговой доступности от квартала расположены лучшие рейтинговые школы. 
Жилой квартал Lucky - это переосмысление и регенерация общественно-делового кластера площадью более 4.5 гектаров в центре Москвы. Визуально квартал разделен на две части: верхний город с новыми высотными жилыми домами и нижний город с общественным пространством для инфраструктуры, где будет располагаться новый социокультурный кластер площадью около 10 000 кв. м. 
Верхний город будет состоять из восьми жилых домов: семь 21-этажных башен и одно здание высотой 15 этажей. В восьми новых домах расположены 618 квартир. На каждом этаже 3-4 квартиры, большая часть которых имеет ориентацию на 2-3 стороны света. Из панорамных окон открываются виды на набережную Москва-реки, Сити и близлежащие парки. 
Квартал расположен на пересечении улиц 2-ая Звенигородская и Костикова, в 200 метрах от метро ""Улица 1905 года"". В непосредственной близости от парков, Москвы- реки, Сити и Садового кольца формируется идеальная среда для семейного проживания в мегаполисе. Знаковая архитектура, продуманные планировочные решения, изысканная отделка, инновационные инженерные решения воплощены в квартале Lucky. 
Интерьерная концепция проекта создана в партнёрстве с международной компанией Molteni Group. Для автомобилистов предусмотрены два подземных трехуровневых паркинга на 961 машиноместо. В новом проекте компания Vesper применяет свой опыт реализации недвижимости класса de luxe. Знаковая архитектура, продуманные планировочные решения, высококачественная отделка, инновационные инженерные решения являются неотъемлемыми характеристиками каждого проекта Vesper и будут воплощены в квартале Lucky. Продам 5-комнатную квартиру рядом с метро Краснопресненская.",,,,,,nan,529.3,1761.9
https://www.cian.ru/sale/flat/304588154/,https://images.cdn-cian.ru/images/kvartira-moskva-granatnyy-pereulok-2217229001-4.jpg,ЖК «Гранатный Палас»,"Москва, ЦАО, р-н Пресненский, м. Краснопресненская, Гранатный переулок, 8С4",Пешком,1289000000.0,2832967.0,"УНИКАЛЬНОЕ ПРЕДЛОЖЕНИЕ - СУПЕР ЦЕНА!!!

Свободная планировка без отделки - продается квартира от собственника!

фото и показ ИСКЛЮЧИТЕЛЬНО по запросу!

ЭЛИТ- КЛАСС!

Гранатный Палас — это уникальный клубный дом на 17 квартир, расположенный в районе Патриарших Прудов (Гранатный переулок, дом 8).

Подземные этажи дома включают не только паркинг, но и роскошный бассейн, фитнес клуб, созданные специально для жильцов.

На первом этаже находятся мужской сигарный клуб с бильярдной, салон красоты, библиотека и детская игровая комната. Купить 5-комнатную квартиру рядом с метро Краснопресненская.",5.0,4.0,8.0,455.0,,455.0,1289.0,2833.0
https://www.cian.ru/sale/flat/307250022/,https://images.cdn-cian.ru/images/kvartira-moskva-skatertnyy-pereulok-2266416063-4.jpg,,"Москва, ЦАО, р-н Пресненский, м. Краснопресненская, Скатертный переулок, 22",Пешком,95000000.0,691916.0,"Продается квартира в одном из исторических домов в самом центре Москвы, между Новым Арбатом и Патриаршими прудами. Квартира имеет 5 изолированных комнат, 2 санузла, высота потолков почти 4 метра. Планировка полностью соответствует проекту дома, несущих стен нет, что позволит новому владельцу реализовать проект и идеи по своему вкусу. В настоящий момент квартира находится в своем первозданном состоянии, сохранилась лепнина на потолках, высокие межкомнатные двери и т.д. Балкон не застеклен, выходит во двор. 
Дом дореволюционной постройки, прошел комплексный ремонт в 2017-2018 годах, с заменой всех коммуникаций, кровли, ремонтом фасада, подвала. 
Есть пассажирский лифт, в подъезде дежурит консьерж, двор огорожен. 
Соседние дома занимают преимущественно посольства и офисные особняки. 
Квартира в собственности одной семьи более 10 лет, свободная продажа. Условия обсуждаются. 5-комнатная квартира рядом с метро Краснопресненская.",5.0,3.0,6.0,137.3,,137.3,95.0,691.9
https://www.cian.ru/sale/flat/306155409/,https://images.cdn-cian.ru/images/2255562428-4.jpg,ЖК «Квартал LIFE TIME»,"Москва, ЦАО, р-н Пресненский, м. Краснопресненская, 2-я Черногрязская улица",Транспортом,220350000.0,1072263.0,"LIFE TIME - роскошный современный квартал в самом быстрорастущем премиальном районе ЦАО - Пресне. Его архитектурная концепция опережает время, а беспрецедентно исчерпывающая инфраструктура и расположение дарят бесценное время своим жителям. Вы больше не тратите его на дорогу или ожидание, при этом ни в чем себе не отказывая.

На территории предусмотрено все для привилегированной и самодостаточной жизни:

-  просторный, красивый, разнообразный двор-парк; 

-  спортивная инфраструктура на улице и в помещении, в том числе бассейн и спа; 

-  все для развития и досуга детей всех возрастов, в том числе детский сад и школа;

-  вы внутри сложившегося премиального района со всем необходимым, в окружении многочисленных парков, с быстрой транспортной доступностью до бульварного кольца и Москва-Сити, прямым выездом на Новую Ригу

Новая роскошь - это сочетание идеального расположения, просторной закрытой территории и респектабельной приватности: квартал занимает 3 га, но на этаже будет не больше 2-3 квартир. Представлены уникальные виллы с патио и террасами на кровле; двухэтажные квартиры, пентхаусы с 7-метровыми потолками, каминами и террасами. Продается 5-комнатная квартира рядом с метро Краснопресненская.",5.0,8.0,10.0,205.5,,205.5,220.3,1072.3
https://www.cian.ru/sale/flat/311323865/,https://images.cdn-cian.ru/images/2352010152-4.jpg,ЖК «Дизайнерский дом Eleven»,"Москва, ЦАО, р-н Пресненский, м. Краснопресненская, Звенигородское шоссе, 11",Транспортом,330000000.0,1064516.0,"ID: 555733
Стильный пентхаус с террасой в новом дизайнерском доме премиум-класса ELEVEN (башня Альфа) на Пресне.

В квартире выполнена дизайнерская отделка с применением натуральных материалов. Планировочным решением предусмотрены: просторная гостиная-столовая с выходом на террасу, кухня, мастер-блок, состоящий из спальни, кабинета с двумя балконами, гардеробной и ванной комнаты, 3 спальни, 3 санузла, постирончая.

Из панорамных окон квартиры открываются великолепные виды в сторону Москва-Сити и Дома Правительства.

Клубный жилой комплекс ELEVEN состоит из 2 башен, соединенных стеклянной галереей. Дизайнерские входные группы, скоростные малошумные лифты, консьерж-сервис, 2-уровневый подземный паркинг, кладовые помещения. Концепция ""двор без машин"", закрытая придомовая территория с детской площадкой и ландшафтным озеленением. На территории комплекса расположены: фуд-маркет и ресторан, фитнес-клуб с 25-метровым бассейном, детские комнаты.

Дом расположен ряlом с Москва-Сити, Домом Правительства РФ и парком Красногвардейские пруды. Великолепная транспортная доступность: удобный выезд на ТТК, прямой выезд на Новорижское шоссе, 8 минут на машине до Садового кольца, до станции метро Улица 1905 года 10 минут пешком.

Участник ассоциации AREA.

Номер объекта: #1/555733/14501 5-комнатной квартиры Рядом с метро Краснопресненская.",,,,,,nan,330.0,1064.5
https://www.cian.ru/sale/flat/312138022/,https://images.cdn-cian.ru/images/kvartira-moskva-ulica-kostikova-2369727388-4.jpg,ЖК «Lucky»,"Москва, ЦАО, р-н Пресненский, м. Краснопресненская, улица Костикова, 4к3",Пешком,294350000.0,1450000.0,"В ультрасовременном жилом комплексе класса люкс LUCKY на Красной Пресне к продаже предлагается ВИДОВАЯ квартира, общей площадью 190.6 м2 + терраса 44 м2. 

Квартира с ПРЕМИАЛЬНОЙ отделкой Grey, включающей оборудованную кухню и ванную комнату.

ФУНКЦИОНАЛЬНАЯ ПЛАНИРОВКА:
- просторная кухня-гостиная
- 4 спальни
- 3 гардеробные
- 4 санузла
- терраса 40 м2
- 2 балкона

Светлые стены и полы из натурального дерева позволяют персонализировать пространство в соответствии со своими вкусовыми предпочтениями.
КУХНЯ со встраиваемой бытовой техникой премиального бренда Neff: индукционная варочная панель, микроволновая печь, посудомоечная машина, духовой шкаф, вытяжка встраиваемая, встраиваемый холодильник-морозильник.
Сантехника в ВАННОЙ комнате Villeroy & Boch, Kaldewei, Gessi.
Интеллектуальная система УМНЫЙ ДОМ программируется по заданному
параметрами и позволяет дистанционно управлять светом, отоплением, шторами.
Окна REYNAERS, алюминиевый профиль.
Приточно-вытяжные установки  VTS, мультизонная система кондиционирования VRF  LG.
Лифты  ThyssenKrupp с отделкой кабины по индивидуальному дизайну.

УСЛОВИЯ СДЕЛКИ:
Прямая продажа
Быстрый выход на сделку 

О КОМПЛЕКСЕ
LUCKY - социокультурный кластер в центре Москвы площадью более 4,5 гектаров. Современные жилые дома, исторические здания, парковые зоны и спортивный центр площадью 5 000 м² отражают новый подход к формированию жилого квартала МИРОВОЙ столицы.

Инфраструктура Lucky создана для современных жителей, которые постоянно развиваются. Целый квартал трансформируется в городское пространство для качественной жизни: образовательный центр Mind Gym, художественные мастерские, фермерские лавки, собственный детский сад с преподаванием на трёх языках, спортивный центр площадью 5 000 м² и всесезонный подогреваемый бассейн.

Квартал находится в окружении четырех парковых зон: Красная Пресня, Красногвардейские пруды, парк Декабрьского восстания и Пресненский детский парк.",5.0,15.0,21.0,203.0,,203.0,294.4,1450.0
https://www.cian.ru/sale/flat/307004330/,https://images.cdn-cian.ru/images/2352635232-4.jpg,ЖК «SkyView»,"Москва, ЦАО, р-н Пресненский, м. Краснопресненская, улица Красная Пресня, 3",Пешком,226444680.0,1048355.0,"Продаются 5-комнатные апартаменты площадью 216 на 14-м этаже 20-этажного дома. ДОМА СДАНЫ.  

Комплекс апартаментов SkyView расположился в самом сердце Пресни — района с богатым историческим и культурным наследием.
Четыре элегантные башни гармонично вырастают из исторической застройки вверх и в будущее. Здесь созданы идеальные условия для жизни — роскошной и комфортной, насыщенной и безмятежной, включенной в столичный ритм и избавленной от суеты. В вашем распоряжении ежедневно будут доступны премиальный фитнес клуб с бассейном 25м, рестораны.
Тщательно продуманные планировки дают возможность сформировать персональное жизненное пространство, отвечающее вашему характеру и образу жизни. План вашей жилой территории гибко следует за вашими планами на жизнь. Эта территория не ограничивается стенами ваших апартаментов. Архитектура комплекса SkyView радует глаз не только снаружи, но и изнутри. Закругленная геометрия башен обеспечивает все апартаменты завораживающими видами на Москву, которая становится частью вашей домашней обстановки. Уникальный силуэт, разнообразие восприятия с разных видовых точек, максимальные видовые характеристики и одновременно приватность для жильцов комплекса.",5.0,14.0,20.0,216.0,,216.0,226.4,1048.4
https://www.cian.ru/sale/flat/311345888/,https://images.cdn-cian.ru/images/2352489904-4.jpg,"ЖК «Большой Тишинский переулок, 10с1»","Москва, ЦАО, р-н Пресненский, м. Краснопресненская, Большой Тишинский переулок, 10С1",Пешком,139900000.0,618206.0,"ID: 572002
Просторная 5-комнатная квартира площадью 226.3 кв.м. с видами на Дом правительства, МГУ и гостиницу Украина.

Квартира без отделки. Возможный вариант организации пространства: просторная гостиная с зонами столовой и кухни, 4 спальни, 3 санузла, 2 гардеробные, постирочная и кладовая.

Панорамные окна квартир ориентированы на 4 стороны света с великолепными видами.

В доме установлены системы приточно-вытяжной вентиляции, центрального кондиционирования и ""Умный дом"".

Дом построен в 2008 году по заказу Управления Делами Президента РФ. Огороженная и охраняемая территория, въезд через пропускной пункт, видеонаблюдение. Предусмотрен подземный паркинг, в наличии 2 больших машино-места. Комфортные лобби с зонами отдыха. В подъездах консьержи.

Участник ассоциации AREA.


Номер объекта: #1/572002/14501",5.0,15.0,21.0,226.3,,226.3,139.9,618.2
https://www.cian.ru/sale/flat/309435557/,https://images.cdn-cian.ru/images/2372035430-4.jpg,,"Москва, ЦАО, р-н Пресненский, м. Краснопресненская, Столярный переулок, 2",Пешком,136000000.0,607143.0,"Лот 56475. Оксана Мартынова.

Эксклюзив подписан. Предлагаем пятикомнатную квартиру с террасой. 

О квартире: Занимает целый этаж. Выполнена качественная отделка в классическом стиле с использованием натурального дерева и мрамора. Функциональная планировка включает: кухню с гарнитуром Мария со всей необходимой встроенной техникой Bosch и выходом на террасу, гостиную, мастер-спальню, две детские спальни, кабинет, три совмещенных санузла один из которых с окном, джакузи и сауной, гостевой санузел,  хозяйственную комнату, террасу с  с панорамными видами на Москва-Сити, здание Правительства РФ, высотку на Баррикадной, Римско-католический Кафедральный Собор и историческое здание биологического музея имени К. А. Тимирязева, балкон.

О локации: Развитая инфраструктура Пресни. Удобный выезд на Садовое кольцо, Звенигородское шоссе и ТТК. В пешей доступности станция метро улица 1905 года.

О парковке: Наземный паркинг под шлагбаумом с наличием мест. 

О документах: Один собственник. Готова к сделке.

Бонус партнерам 50%.

Есть презентации в pdf на русском или английском для партнеров. Член ассоциации агентств элитной недвижимости AREA.",,,,,,nan,136.0,607.1
https://www.cian.ru/sale/flat/307188134/,https://images.cdn-cian.ru/images/2264895273-4.jpg,ЖК «Квартал LIFE TIME»,"Москва, ЦАО, р-н Пресненский, м. Краснопресненская, Лайф Тайм ЖК",Транспортом,245920000.0,1086219.0,"LIFE TIME - роскошный современный квартал в самом быстрорастущем премиальном районе ЦАО - Пресне. Его архитектурная концепция опережает время, а беспрецедентно исчерпывающая инфраструктура и расположение дарят бесценное время своим жителям. Вы больше не тратите его на дорогу или ожидание, при этом ни в чем себе не отказывая.

На территории предусмотрено все для привилегированной и самодостаточной жизни:

-  просторный, красивый, разнообразный двор-парк; 

-  спортивная инфраструктура на улице и в помещении, в том числе бассейн и спа; 

-  все для развития и досуга детей всех возрастов, в том числе детский сад и школа;

-  вы внутри сложившегося премиального района со всем необходимым, в окружении многочисленных парков, с быстрой транспортной доступностью до бульварного кольца и Москва-Сити, прямым выездом на Новую Ригу

Новая роскошь - это сочетание идеального расположения, просторной закрытой территории и респектабельной приватности: квартал занимает 3 га, но на этаже будет не больше 2-3 квартир. Представлены уникальные виллы с патио и террасами на кровле; двухэтажные квартиры, пентхаусы с 7-метровыми потолками, каминами и террасами.",5.0,13.0,22.0,226.4,,226.4,245.9,1086.2
https://www.cian.ru/sale/flat/311414095/,https://images.cdn-cian.ru/images/2354146772-4.jpg,,"Москва, ЦАО, р-н Пресненский, м. Краснопресненская, Столярный переулок, 2",Пешком,136000000.0,607143.0,"Лот: 101420.   На продажу предлагается шестикомнатная квартира площадью 224 кв.м. с собственной террасой 140 кв.м в кирпичном клубном малоквартирном доме. 

Планировка: гостиная-кухня-столовая с выходом на террасу, спальня с санузлом и сауной, вторая спальня с санузлом, третья спальня, кабинет, большая постирочная с окном (можно переделать в спальню), ванная комната, гостевой санузел, балкон, терраса. 

Качественная, дорогая отделка в классическом стиле, дровяной камин, предусмотрено много мест хранения. 

Огороженная наземная парковка, круглосуточная охрана, по периметру и внутри здания установлены камеры видеонаблюдения. Квартира занимает весь этаж. 

С террасы открываются панорамные виды на Москва-Сити, здание Правительства РФ, высотку на Баррикадной, Римско-католический Кафедральный Собор и историческое здание биологического музея имени К.А.Тимирязева. 

Дом расположен на пересечении Столярного переулка и Малой Грузинской улицы недалеко от Садового кольца. 

Участник ассоциации AREA.",5.0,8.0,8.0,224.0,,224.0,136.0,607.1
https://www.cian.ru/sale/flat/310914879/,https://images.cdn-cian.ru/images/2343117941-4.jpg,ЖК «Панорама»,"Москва, ЦАО, р-н Пресненский, м. Краснопресненская, улица Климашкина, 17С2",Пешком,155015000.0,517752.0,"Продается 5-комнатная квартира общей площадью 299,4 кв.м. и два машиноместа площадью 12,6 кв.м. и 12,7 кв.м., расположенные по адресу: г. Москва, ул. Климашкина, д.17, стр.2

Характеристики квартиры:
Количество комнат: 5
Назначение: жилое
Этаж/этажность: 5/10
Тип дома: монолит	
Год постройки: 2005
Общая площадь: 299,4 кв. м
Жилая площадь: 233,8 кв. м
Площадь кухни: 40 кв. м
Балкон: нет
Лифт: есть
Санузел: 3 совмещенных
Ремонт: дизайнерский

Характеристики машиномест:
Назначение: нежилое
Этаж/этажность: Подвал 1 /10
Тип дома: монолит	
Год постройки: 2005
Общая площадь: 12,6 кв.м. и 12,7 кв.м.

Объекты недвижимости расположены в ЖК ""Панорама"", в ЦАО г. Москвы. Ближайшая станция метро ""улица 1905 года"" (700 м.). Придомовая территория огорожена, охраняется по периметру.
Отлично развитая инфраструктура - поблизости от дома есть все необходимое для комфортной жизни: школы, детские сады, парк, пруд, океанариум, торговые предприятия, аптеки, поликлиника, отделения банков, салоны красоты, фитнес-клубы, рестораны, кафе, музеи.
Существующие обременения: не зарегистрированы.
Способ продажи: прямая продажа покупка за счет собственных/кредитных средств.
Сделка может быть зарегистрирована с использованием сервиса электронной регистрации.

Данное предложение не является публичной офертой.",5.0,5.0,10.0,299.4,,299.4,155.0,517.8
https://www.cian.ru/sale/flat/305452801/,https://images.cdn-cian.ru/images/2262220638-4.jpg,ЖК «SkyView»,"Москва, ЦАО, р-н Пресненский, м. Краснопресненская",Пешком,279955006.0,1253717.0,"Продаются 5-комнатные апартаменты площадью 223,3 на 15-м этаже 20-этажного дома. ДОМА СДАНЫ.  

Комплекс апартаментов SkyView расположился в самом сердце Пресни — района с богатым историческим и культурным наследием.
Четыре элегантные башни гармонично вырастают из исторической застройки вверх и в будущее. Здесь созданы идеальные условия для жизни — роскошной и комфортной, насыщенной и безмятежной, включенной в столичный ритм и избавленной от суеты. В вашем распоряжении ежедневно будут доступны премиальный фитнес клуб с бассейном 25м, рестораны.
Тщательно продуманные планировки дают возможность сформировать персональное жизненное пространство, отвечающее вашему характеру и образу жизни. План вашей жилой территории гибко следует за вашими планами на жизнь. Эта территория не ограничивается стенами ваших апартаментов. Архитектура комплекса SkyView радует глаз не только снаружи, но и изнутри. Закругленная геометрия башен обеспечивает все апартаменты завораживающими видами на Москву, которая становится частью вашей домашней обстановки. Уникальный силуэт, разнообразие восприятия с разных видовых точек, максимальные видовые характеристики и одновременно приватность для жильцов комплекса.",5.0,15.0,20.0,223.3,,223.3,280.0,1253.7
https://www.cian.ru/sale/flat/298470408/,https://images.cdn-cian.ru/images/2276799200-4.jpg,"ЖК «Большой Тишинский переулок, 10с1»","Москва, ЦАО, р-н Пресненский, м. Краснопресненская, Большой Тишинский переулок, 10С1",Пешком,124000000.0,539130.0,"ID 8108 
Шикарная видовая многокомнатная квартира на Тишинке! Прекрасный вид на МГУ, несколько мокрых зон, можно сделать 4-5 спален! Дом Управления делами Президента, огороженная территория, охрана, подземный паркинг. 
Наше агентство состоит в ассоциации агентств элитной недвижимости AREA",5.0,5.0,21.0,230.0,,230.0,124.0,539.1
https://www.cian.ru/sale/flat/312074235/,https://images.cdn-cian.ru/images/2368192331-4.jpg,ЖК «Lucky»,"Москва, ЦАО, р-н Пресненский, м. Краснопресненская, улица Костикова, 4к6",Пешком,244900000.0,1046581.0,"id:15295. 
КЛЮЧИ НА РУКАХ, ПРЯМОЙ ПРЕДСТАВИТЕЛЬ СОБСТВЕННИКА!
К продаже предлагается видовая квартира  с 4-мя спальнями в ЖК ""Lucky"" на Красной Пресне!
Планировочное решение: кухня-гостиная, мастер-спальня с отельной гардеробной и санузлом, три спальни с гардеробными, четыре санузла, холл с гардеробной, постирочная. Есть большая терраса для Ваших смелых фантазий и задумок ( 44м2).  Благодаря панорамным окнам пространство наполнено естественным светом, открываются виды на гостиницу Украину, на Москва-сити, центр города. Квартира предлагается с премиальной отделкой от застройщика. Дизайн интерьера от итальянской студии Molteni Group. На полу деревянная паркетная доска с системой ""тёплый пол"". Санузлы облицованы керамогранитом и бетонной плиткой ""Терраццо"". 
.
Квартира предлагается с отделкой, оборудованной кухней итальянского бренда DADA в цвете White и ванными комнатами, пол - отделка терраццо.  Интерьер выполнен по авторскому проекту. В отделке использованы только качественные натуральные материалы лучших производителей в соответствующей палитре, пол - паркет из тонированного дуба.
Качество и комфорт жизни владельцев квартир обеспечивает целый комплекс инженерных систем, включающих технологии очистки воздуха и воды. 

Квартал находится в окружении четырех парковых зон: ""Красная Пресня"", ""Красногвардейские пруды"", парк Декабрьского восстания и Пресненский детский парк.

Визуально Lucky делится на две части: верхний город с жилыми домами и нижний город, где расположен новый социокультурный кластер.

Верхний город - это восемь жилых домов, квартиры в которых предлагаются с отделкой, оборудованными кухнями и ванными комнатами.

В исторических зданиях нижнего города расположено все самое важное для качественной жизни: фермерские магазины, рестораны, образовательный центр, художественные мастерские, спортивные студии, школы изучения иностранных языков, детский сад и подогреваемый бассейн на крыше, для реализации спортивного потенциала каждого резидента в квартале Lucky воплощены два новых для Москвы формата: Mind Gym и Fitness Market (школа фехтования, академия бокса,  студия cross-fit, 
йога, антигравити, пилатес, stretching, воздушная гимнастика).
Традиционный фитнес-клуб расположен в современном двухэтажном здании площадью более 5 500 кв.м. В клубе предусмотрены тренажерные залы, wellness-зоны, бассейн 25 метров. На крыше здания располагается сад и второй подогреваемый всесезонный бассейн.

Образовательный центр включает в себя художественную мастерскую, школы иностранных языков, шахматную студию, театральную студию, музыкальную школу, клуб ораторов, фотошколу, студию керамики, книжный магазин.

Для воспитания гармонично развитои личности в квартале построен собственныи международный детскии сад La Berёzka Academy Moscow для юных резидентов от 3 до 7 лет. 
На территории квартала Lucky оборудованы 4 детские площадки для юных резидентов.",5.0,15.0,21.0,234.0,,234.0,244.9,1046.6
https://www.cian.ru/sale/flat/305452443/,https://images.cdn-cian.ru/images/2262220568-4.jpg,ЖК «SkyView»,"Москва, ЦАО, р-н Пресненский, м. Краснопресненская, Дружинниковская улица, 15",Пешком,280691591.0,1056423.0,"Продаются 5-комнатные апартаменты площадью 265,7 на 18-м этаже 20-этажного дома. ДОМА СДАНЫ.  

Комплекс апартаментов SkyView расположился в самом сердце Пресни — района с богатым историческим и культурным наследием.
Четыре элегантные башни гармонично вырастают из исторической застройки вверх и в будущее. Здесь созданы идеальные условия для жизни — роскошной и комфортной, насыщенной и безмятежной, включенной в столичный ритм и избавленной от суеты. В вашем распоряжении ежедневно будут доступны премиальный фитнес клуб с бассейном 25м, рестораны.
Тщательно продуманные планировки дают возможность сформировать персональное жизненное пространство, отвечающее вашему характеру и образу жизни. План вашей жилой территории гибко следует за вашими планами на жизнь. Эта территория не ограничивается стенами ваших апартаментов. Архитектура комплекса SkyView радует глаз не только снаружи, но и изнутри. Закругленная геометрия башен обеспечивает все апартаменты завораживающими видами на Москву, которая становится частью вашей домашней обстановки. Уникальный силуэт, разнообразие восприятия с разных видовых точек, максимальные видовые характеристики и одновременно приватность для жильцов комплекса.",5.0,18.0,20.0,265.7,,265.7,280.7,1056.4
https://www.cian.ru/sale/flat/303674535/,https://images.cdn-cian.ru/images/kvartira-moskva-zvenigorodskoe-shosse-2199018126-4.jpg,ЖК «Дизайнерский дом Eleven»,"Москва, ЦАО, р-н Пресненский, м. Краснопресненская, Звенигородское шоссе, 11",Транспортом,330000000.0,1064516.0,"На продажу представлено уникальное пространство для жизни - видовой ПЕНТХАУС с ТЕРРАСОЙ, с готовой ПРЕМИАЛЬНОЙ отделкой и захватывающими видовыми характеристиками на МОСКВА-СИТИ и центр Столицы( 34 окна ) в доме ПРЕМИУМ-класса ""Eleven.

 Живописные виды на город, высокие потолки 4,2 м, окна в пол, много естественного света. Пентхаус занимает весь этаж, доступ на этаж исключительно для владельцев пентхауса, по специальной ключ-карте. 

Планировочное решение:
Просторная гостиная с выходом на террасу, совмещенная с кухней и столовой. Мастер-спальня дополнена личной ванной с панорамным окном и гардеробной комнатой с окном. Также имеется еще одна спальня с собственной ванной комнатой, кабинет и зона отдыха с выходом на террасу, постирочная, гостевой санузел, детский мастер-блок, который включает в себя спальню, игровую комнату и собственный санузел, гардеробные.
 
 Пентхаус обладает впечатляющими потолками высотой 4,2 метра и большим количеством панорамных окон, благодаря чему в помещениях всегда много естественного света. Из окон открываются живописные ПАНОРАМНЫЕ ВИДЫ на город, в сторону Москва-Сити, Дома Правительства и гостиницы Украина. 
В собственности есть 3 машиноместа в подземном паркинге.
Квартира общей площадью 263,5 м². Площадь 3-х террас составляет 65,7 м².

О КОМПЛЕСКЕ:
ЖК ""Дизайнерский дом ELevn"" - это Премиальное жильё в престижном Пресненском районе, с развитой инфраструктурой и прекрасной транспортной доступностью. 
К вашим услугам:
- автоматическая система контроля и управления доступом: доступ в лобби по карте жителя, доступ в паркинг по метке или через распознавание номера, 
- приватный двор с аллеями, цветниками и детскими площадками, 
- круглосуточная охрана и видеонаблюдение, 
- фитнес-центр с 25-метровым бассейном и SPA-комплексом,
- гастромаркет: ресторан и фудмаркет, 
- детский клуб,
- подземный двухуровневый паркинг, 158 машино-мест,
- два поста автомойки внутри паркинга, 
- ресторан с эко-маркетом фермерских продуктов ""Амбар"",
- сигарный клуб Sigma Private Lounge,
- зарядные станции, вело-и мотопарковка,
- комната сбора мусора на каждом этаже,",,,,,,nan,330.0,1064.5
https://www.cian.ru/sale/flat/297496251/,https://images.cdn-cian.ru/images/kvartira-moskva-stolyarnyy-pereulok-2081231137-4.jpg,ЖК «Рассвет Loft-Studio»,"Москва, ЦАО, р-н Пресненский, м. Краснопресненская, Столярный переулок, 3к34",Пешком,119800000.0,768935.0,"Собственник! Люкс жилье. 2 этажа. 5 комнат: зал, спальня, туалет и гардероб - 1 этаж; две спальни, гардероб с постирочной-гладильной комнатой и туалетом - 2 этаж. Французский балкончик с цветником. Стильный и функциональный дизайнерский ремонт выполнен в 2023 году. Все новое, свежее. Умный свет, электрошторы, теплые полы, коллекционная сантехника. Скрытые розетки, провода. Имеется в собственности парковка на 2 машиноместа с зарядкой для электрокаров (стоимость при встрече). Панорамные окна. Вид на останкинскую башню, зоопарк, кафедральный собор, высотку на Кудринской площади. Тишина в центре города. Под окнами парк музея Тимирязева с вековыми раскидистыми деревьями! Воздух как в лесу, круглый год поют птицы. Выход с чипом в ресторанный дворик. Престижный район, до метро 1905 года 4 минуты пешком, до метро краснопресненская 8 минут пешком.

Прошу беспокоить только реальных покупателей.",5.0,4.0,5.0,155.8,,155.8,119.8,768.9
https://www.cian.ru/sale/flat/305452461/,https://images.cdn-cian.ru/images/2262220574-4.jpg,ЖК «SkyView»,"Москва, ЦАО, р-н Пресненский, м. Краснопресненская, Дружинниковская улица, 15",Пешком,282597724.0,1058815.0,"Продаются 5-комнатные апартаменты площадью 266,9 на 19-м этаже 20-этажного дома. ДОМА СДАНЫ.  

Комплекс апартаментов SkyView расположился в самом сердце Пресни — района с богатым историческим и культурным наследием.
Четыре элегантные башни гармонично вырастают из исторической застройки вверх и в будущее. Здесь созданы идеальные условия для жизни — роскошной и комфортной, насыщенной и безмятежной, включенной в столичный ритм и избавленной от суеты. В вашем распоряжении ежедневно будут доступны премиальный фитнес клуб с бассейном 25м, рестораны.
Тщательно продуманные планировки дают возможность сформировать персональное жизненное пространство, отвечающее вашему характеру и образу жизни. План вашей жилой территории гибко следует за вашими планами на жизнь. Эта территория не ограничивается стенами ваших апартаментов. Архитектура комплекса SkyView радует глаз не только снаружи, но и изнутри. Закругленная геометрия башен обеспечивает все апартаменты завораживающими видами на Москву, которая становится частью вашей домашней обстановки. Уникальный силуэт, разнообразие восприятия с разных видовых точек, максимальные видовые характеристики и одновременно приватность для жильцов комплекса.",5.0,19.0,20.0,266.9,,266.9,282.6,1058.8
https://www.cian.ru/sale/flat/308138864/,https://images.cdn-cian.ru/images/kvartira-moskva-ulica-kostikova-2287161934-4.jpg,ЖК «Lucky»,"Москва, ЦАО, р-н Пресненский, м. Краснопресненская, улица Костикова, 4к4",Пешком,397900000.0,1446909.0,"Квартира для большой семьи. выполнен дизайнерский ремонт. планировка продумана до мелочей!
Большое внимание уделяется очистке воздуха и воды в квартире.
Панорамные окна и высокие потолки обеспечивают много света. 
Квартал разделен на две части — футуристичный Верхний город из башен высотой до 21 этажа и исторический Нижний город, в котором сосредоточена вся необходимая инфраструктура для учебы, работы и отдыха.
В шаговой доступности от Лаки расположен парк Красная Пресня, Красногвардейские пруды, парк Декабрьского восстания и детский Пресненский парк.
Оперативный показ!",,,,,,nan,397.9,1446.9
https://www.cian.ru/sale/flat/311376977/,https://images.cdn-cian.ru/images/2353209573-4.jpg,"ЖК «Большой Тишинский переулок, 10с1»","Москва, ЦАО, р-н Пресненский, м. Краснопресненская, Большой Тишинский переулок, 10С1",Пешком,123000000.0,543767.0,"id:11886. 
Единственное предложение на рынке! Лучшие виды в ЖК ""Большой Тишинский переулок, 10с1"". Квартира  без отделки, можно реализовать любые дизайнерские фантазии. Охраняемая территория, круглосуточное видеонаблюдение, подземный паркинг - есть все, для комфортной безопасной жизни!
Дом на Тишинке - это возможность комфортно жить в центре Москвы. Высотное здание, из окон которого открываются великолепные виды на столицу, расположилось в одном из самых удобных и зеленых районов ЦАО. Окружающие дом парки и скверы поглощают всю пыль и суету города, создавая атмосферу спокойствия и городского уюта, а удачное расположение и низкая транспортная загруженность обеспечивают хорошую доступность в любое время суток.",5.0,5.0,21.0,226.2,,226.2,123.0,543.8
https://www.cian.ru/sale/flat/306541531/,https://images.cdn-cian.ru/images/2253442476-4.jpg,ЖК «Lucky»,"Москва, ЦАО, р-н Пресненский, м. Краснопресненская, улица Костикова, 4к2",Пешком,760463550.0,1963500.0,"Продаётся двухуровневый пентхаус с 5-ю спальнями (Корпус 5), общей площадью 387,3 кв.м., на 20 и 21 этажах. Высота потолков  7,4 м. в гостиной, 3,5 м. на 21-м этаже. Отделка - White Box. 
В квартале представлена инфраструктура для всей семьи: парки и скверы, билингвальный детский сад La Berezka, собственный 600 м. игровой парк для детей, фитнес с подогреваемым бассейном на крыше, рестораны, кафе и магазины органических продуктов. В шаговой доступности от квартала расположены лучшие рейтинговые школы. 
Жилой квартал Lucky - это переосмысление и регенерация общественно-делового кластера площадью более 4.5 гектаров в центре Москвы. Визуально квартал разделен на две части: верхний город с новыми высотными жилыми домами и нижний город с общественным пространством для инфраструктуры, где будет располагаться новый социокультурный кластер площадью около 10 000 кв. м. 
Верхний город будет состоять из восьми жилых домов: семь 21-этажных башен и одно здание высотой 15 этажей. В восьми новых домах расположены 618 квартир. На каждом этаже 3-4 квартиры, большая часть которых имеет ориентацию на 2-3 стороны света. Из панорамных окон открываются виды на набережную Москва-реки, Сити и близлежащие парки. 
Квартал расположен на пересечении улиц 2-ая Звенигородская и Костикова, в 200 метрах от метро ""Улица 1905 года"". В непосредственной близости от парков, Москвы- реки, Сити и Садового кольца формируется идеальная среда для семейного проживания в мегаполисе. Знаковая архитектура, продуманные планировочные решения, изысканная отделка, инновационные инженерные решения воплощены в квартале Lucky. 
Интерьерная концепция проекта создана в партнёрстве с международной компанией Molteni Group. Для автомобилистов предусмотрены два подземных трехуровневых паркинга на 960 машиномест. В новом проекте компания Vesper применяет свой опыт реализации недвижимости класса de luxe. Знаковая архитектура, продуманные планировочные решения, высококачественная отделка, инновационные инженерные решения являются неотъемлемыми характеристиками каждого проекта Vesper и будут воплощены в квартале Lucky.
Качество и комфорт жизни обеспечит целый комплекс инженерных систем, включающих технологии очистки воздуха и воды. Виды из пентхаусов поражают воображение: масштабная панорама открывается на футуристические небоскребы Сити, искрящуюся гладь Москвы-реки, устремившиеся в небо сталинские высотки и зеленые парки.",,,,,,nan,760.5,1963.5
https://www.cian.ru/sale/flat/309004878/,https://images.cdn-cian.ru/images/2305051725-4.jpg,,"Москва, ЦАО, р-н Пресненский, м. Краснопресненская, улица Красная Пресня, 21",Пешком,140000000.0,615926.0,"Предлагаем Вашему вниманию великолепную пятикомнатную квартиру в элитном доме ""ЖК на Красной Пресне"". Жилой дом находится в самом центре Москвы, в окружении исторических памятников и объектов инфраструктуры. Поблизости находятся музеи, уютные кафе, рестораны авторской кухни, школы и дошкольные учреждения. Ближайшие станции метро  ""Краснопресненская"", ""Баррикадная"" и ""Улица 1905 года"".   Для автомобилей построен двухуровневый подземный паркинг. Комплекс тщательно охраняется, ведется видеонаблюдение.   
Планировка квартиры включает в себя: изолированную кухню с остекленной лоджией, просторную столовую, четыре изолированные спальни (три из которых имеют выходы на остекленные лоджии с великолепными видами на Столицу).  Продуманные места для хранения вещей - гардеробная комната и шкафы. Три полных санузла. Подъезд под круглосуточной охраной.   
Фотографии настоящие, без фотошопа, отражающие действительность.",5.0,10.0,12.0,227.3,,227.3,140.0,615.9
https://www.cian.ru/sale/flat/263893226/,https://images.cdn-cian.ru/images/65/200/511/kvartira-moskva-ulica-klimashkina-1150025631-4.jpg,,"Москва, ЦАО, р-н Пресненский, м. Краснопресненская, улица Климашкина, 22",Пешком,73000000.0,392473.0,"Продаётся отличная Квартра в историческом центре города.  Удачная планировка. Территория вокруг дома огорожена, за квартирой закреплено 2 машиноместе, на территории и в подъезде видеться видео наблюдение! В квартире выполнен качественный ремонт. Более подробная информация по телефону",5.0,6.0,6.0,186.0,,186.0,73.0,392.5
https://www.cian.ru/sale/flat/306155212/,https://images.cdn-cian.ru/images/2255557389-4.jpg,ЖК «Квартал LIFE TIME»,"Москва, ЦАО, р-н Пресненский, м. Краснопресненская, Лайф Тайм ЖК",Транспортом,255520000.0,1165162.0,"LIFE TIME - роскошный современный квартал в самом быстрорастущем премиальном районе ЦАО - Пресне. Его архитектурная концепция опережает время, а беспрецедентно исчерпывающая инфраструктура и расположение дарят бесценное время своим жителям. Вы больше не тратите его на дорогу или ожидание, при этом ни в чем себе не отказывая.

На территории предусмотрено все для привилегированной и самодостаточной жизни:

-  просторный, красивый, разнообразный двор-парк; 

-  спортивная инфраструктура на улице и в помещении, в том числе бассейн и спа; 

-  все для развития и досуга детей всех возрастов, в том числе детский сад и школа;

-  вы внутри сложившегося премиального района со всем необходимым, в окружении многочисленных парков, с быстрой транспортной доступностью до бульварного кольца и Москва-Сити, прямым выездом на Новую Ригу

Новая роскошь - это сочетание идеального расположения, просторной закрытой территории и респектабельной приватности: квартал занимает 3 га, но на этаже будет не больше 2-3 квартир. Представлены уникальные виллы с патио и террасами на кровле; двухэтажные квартиры, пентхаусы с 7-метровыми потолками, каминами и террасами.",5.0,20.0,22.0,219.3,,219.3,255.5,1165.2
https://www.cian.ru/sale/flat/304902893/,https://images.cdn-cian.ru/images/kvartira-moskva-ulica-novyy-arbat-2287377161-4.jpg,ЖК «Новый Арбат»,"Москва, ЦАО, р-н Арбат, м. Краснопресненская, улица Новый Арбат, 27",Пешком,240000000.0,940808.0,"Продается квартира свободной планировки в жилом комплексе ""Новый Арбат 27"". Квартира предлагается без отделки, у будущего собственника будет возможность выполнить ремонт и планировку под свои цели. Панорамный вид из окон на 3 стороны (в сторону Москва-сити, Белого дома, Нового Арбата и во двор). В квартире есть большое полукруглое панорамное окно. Высота до потолка в бетоне 3,5 метра. 2 квартиры на этаже. Огороженная охраняемая территория. подземный паркинг, есть 2 машиноместа. 1 собственник, в собственности более 10 лет. Звонить можно с 9.00 до 24.00 ежедневно. Мы гарантируем нашим покупателям бесплатное юридическое сопровождение и чистоту сделки. Огромная просьба, если возникают вопросы по объявлению, пожалуйста звоните,  а не пишите сообщения!",5.0,11.0,16.0,255.1,,255.1,240.0,940.8
https://www.cian.ru/sale/flat/308421361/,https://images.cdn-cian.ru/images/2371511806-4.jpg,ЖК «Lucky»,"Москва, ЦАО, р-н Пресненский, м. Краснопресненская, 2-я Звенигородская улица, 12С19",Пешком,282000000.0,1503198.0,"ID 276 327. Просторная квартира с 4-мя спальнями общей площадью 188 м² в комплексе премиум-класса Lucky на 17-м этаже. Выполнена дизайнерская отделка от итальянской студии Molteni Group. На полу выложены паркетная доска из тонированного дуба и керамогранит. Интерьер укомплектован кухонной мебелью от итальянского бренда Dada, встроенной техникой Neff, сантехникой Villeroy & Boch.

Функциональная планировка включает кухню-гостиную с выходом на французский балкон, мастер-спальню с собственной гардеробной и ванной, спальню со своей ванной, 2 спальни, 2 санузла, постирочную, гардеробную и прихожую.  Благодаря панорамным окнам пространство наполнено светом, открываются виды на три стороны — на город и деловой центр ""Москва-Сити"".",5.0,17.0,21.0,187.6,,187.6,282.0,1503.2
https://www.cian.ru/sale/flat/306154995/,https://images.cdn-cian.ru/images/2255559183-4.jpg,ЖК «Квартал LIFE TIME»,"Москва, ЦАО, р-н Пресненский, м. Краснопресненская, Лайф Тайм ЖК",Транспортом,477900000.0,1543106.0,"LIFE TIME - роскошный современный квартал в самом быстрорастущем премиальном районе ЦАО - Пресне. Его архитектурная концепция опережает время, а беспрецедентно исчерпывающая инфраструктура и расположение дарят бесценное время своим жителям. Вы больше не тратите его на дорогу или ожидание, при этом ни в чем себе не отказывая.

На территории предусмотрено все для привилегированной и самодостаточной жизни:

-  просторный, красивый, разнообразный двор-парк; 

-  спортивная инфраструктура на улице и в помещении, в том числе бассейн и спа; 

-  все для развития и досуга детей всех возрастов, в том числе детский сад и школа;

-  вы внутри сложившегося премиального района со всем необходимым, в окружении многочисленных парков, с быстрой транспортной доступностью до бульварного кольца и Москва-Сити, прямым выездом на Новую Ригу

Новая роскошь - это сочетание идеального расположения, просторной закрытой территории и респектабельной приватности: квартал занимает 3 га, но на этаже будет не больше 2-3 квартир. Представлены уникальные виллы с патио и террасами на кровле; двухэтажные квартиры, пентхаусы с 7-метровыми потолками, каминами и террасами.",5.0,22.0,23.0,309.7,,309.7,477.9,1543.1
https://www.cian.ru/sale/flat/312124867/,https://images.cdn-cian.ru/images/2369272422-4.jpg,ЖК «Lucky»,"Москва, ЦАО, р-н Пресненский, м. Краснопресненская, улица Костикова, 4к1",Пешком,377000000.0,1370909.0,"id:15329. 
Уважаемые покупатели! 
Предлагаем Вашему вниманию, большую видовую квартиру для всей семьи с панорамным остеклением и прекрасным видом в ЖК ""Lucky"" на Красной Пресне. Окна выходят на три стороны света!!!
Выполнена современная отделка в лаконичных светлых тонах. Высокие потолки.
Квартира укомплектована мебелью и бытовой техникой NEFF, установлена встроенная кухня DADA.
Планировочное решение: три спальни, две детских спальни со своими сан. узлами и гардеробными и мастер спальня с большим сан. узлом и большой гардеробной комнатой ( которую можно сделать как еще одну детсукую комнату или кабинет), кухня- гостиная 80 м2 с 8 панорамными окнами, из которых открывается вид на Сити, Москву-реку, парки и исторический центр города.
Качество и комфорт жизни владельцев квартир обеспечивает целый комплекс инженерных систем, включающих технологии очистки воздуха и воды.
Квартал находится в окружении четырех парковых зон: ""Красная Пресня"", ""Красногвардейские пруды"", парк Декабрьского восстания и Пресненский детский парк.
Визуально Lucky делится на две части: верхний город с жилыми домами и нижний город, где расположен новый социокультурный кластер. Верхний город - это восемь жилых домов, квартиры в которых предлагаются с отделкой, оборудованными кухнями и ванными комнатами. В исторических зданиях нижнего города расположено все самое важное для качественной жизни: фермерские магазины, рестораны, образовательный центр, художественные мастерские, спортивные студии, школы изучения иностранных языков, детский сад и подогреваемый бассейн на крыше, для реализации спортивного потенциала каждого резидента в квартале Lucky воплощены два новых для Москвы формата: Mind Gym и Fitness Market (школа фехтования, академия бокса, студия cross-fit, йога, антигравити, пилатес, stretching, воздушная гимнастика). Традиционный фитнес-клуб расположен в современном двухэтажном здании площадью более 5 500 кв.м. В клубе предусмотрены тренажерные залы, wellness-зоны, бассейн 25 метров. На крыше здания располагается сад и второй подогреваемый всесезонный бассейн. Образовательный центр включает в себя художественную мастерскую, школы иностранных языков, шахматную студию, театральную студию, музыкальную школу, клуб ораторов, фотошколу, студию керамики, книжный магазин.",5.0,18.0,21.0,275.0,,275.0,377.0,1370.9
https://www.cian.ru/sale/flat/303805392/,https://images.cdn-cian.ru/images/2202400745-4.jpg,ЖК «Дом на Тишинке»,"Москва, ЦАО, р-н Пресненский, м. Краснопресненская, Большой Тишинский переулок, 10С1",Пешком,139900000.0,618206.0,"Номер объекта: КП0042.
Из окон 5-комнатной квартиры, общей площадью 226.3 кв.м, расположенной на последнем 15 эркерном этаже 21 этажного дома, открываются живописные виды на знаменитые сталинские высотки: МГУ, гостиницу Украина, Дом правительства. 
Панорамные окна квартиры выходят на 4 стороны света, что обеспечивает комфортное естественное освещение. 
Дом заселен, квартира подготовлена под дизайнерский ремон без ограничений по планировке.
Дом расположен в тихом культурном и деловом районе города, в шаговой доступности необходимая для комфортного проживания инфраструктура: образовательные учреждения, кафе, рестораны, магазины, салоны, зоопарк. Удобная пешеходная зона для прогулок. Рядом съезд на Садовое и ТТК. 
Усиленная охрана дома и территории, пропускной режим, видеонаблюдение.
В подземном паркинге имеются два больших парковочных машино-места, которые могут вместить три машины.


TWEED Недвижимость - участник ассоциации AREA.",5.0,15.0,21.0,226.3,,226.3,139.9,618.2
https://www.cian.ru/sale/flat/306155260/,https://images.cdn-cian.ru/images/2255560738-4.jpg,ЖК «Квартал LIFE TIME»,"Москва, ЦАО, р-н Пресненский, м. Краснопресненская, Лайф Тайм ЖК",Транспортом,467990000.0,1568857.0,"LIFE TIME - роскошный современный квартал в самом быстрорастущем премиальном районе ЦАО - Пресне. Его архитектурная концепция опережает время, а беспрецедентно исчерпывающая инфраструктура и расположение дарят бесценное время своим жителям. Вы больше не тратите его на дорогу или ожидание, при этом ни в чем себе не отказывая.

На территории предусмотрено все для привилегированной и самодостаточной жизни:

-  просторный, красивый, разнообразный двор-парк; 

-  спортивная инфраструктура на улице и в помещении, в том числе бассейн и спа; 

-  все для развития и досуга детей всех возрастов, в том числе детский сад и школа;

-  вы внутри сложившегося премиального района со всем необходимым, в окружении многочисленных парков, с быстрой транспортной доступностью до бульварного кольца и Москва-Сити, прямым выездом на Новую Ригу

Новая роскошь - это сочетание идеального расположения, просторной закрытой территории и респектабельной приватности: квартал занимает 3 га, но на этаже будет не больше 2-3 квартир. Представлены уникальные виллы с патио и террасами на кровле; двухэтажные квартиры, пентхаусы с 7-метровыми потолками, каминами и террасами.",5.0,22.0,23.0,298.3,,298.3,468.0,1568.9
https://www.cian.ru/sale/flat/304214931/,https://images.cdn-cian.ru/images/kvartira-moskva-stolyarnyy-pereulok-2210471453-4.jpg,,"Москва, ЦАО, р-н Пресненский, м. Краснопресненская, Столярный переулок, 2",Пешком,110000000.0,714286.0,"В жилом комплексе по адресу Столярный переулок д. 2 продается 5-комнатная квартира площадью 154 кв м. Дом монолитно-кирпичный 2001 г., расположен на углу Малой Грузинской улицы и Столярного переулка. Закрытая ухоженная придомовая территория, высокие потолки 3 м. В пешей доступности находятся 2 станции метро Краснопресненская и Улица 1905 года, большое количество магазинов, кафе и ресторанов с атмосферой, уникальной для района Красной Пресни.
Соседнее здание занимает Биологический музей им. Тимирязева с садом.

Квартира расположена на 5 этаже 8 этажной центральной секции дома. В подъезде 2 лифта - грузовой и пассажирский, а также отдельная лестница. На этаже располагаются всего 3 квартиры. 

В квартире просторная прихожая, большая 25-метровая гостиная, столовая и кухня, разделенные широким дверным проемом. Также есть гостевой санузел и технический балкон. 
Приватная зона отделена от гостиной аркой и включает в себя 2 детские комнаты, родительскую спальню, большой санузел и отдельную гардеробную.
В квартире качественные окна, деревянные двери, паркет из вишневого дерева, дизайнерская плитка Fornazetti. Кухня оборудована немецким мебельным гарнитуром. Вся мебель в квартире находится в отличном состоянии. 
Квартира идеально подходит для комфортной семейной жизни в центре Москвы.",5.0,5.0,8.0,154.0,,154.0,110.0,714.3
https://www.cian.ru/sale/flat/311417418/,https://images.cdn-cian.ru/images/2354206946-4.jpg,ЖК «Lucky»,"Москва, ЦАО, р-н Пресненский, м. Краснопресненская, улица Костикова, 4к6",Пешком,264000000.0,1629630.0,"id:14972. 
Эксклюзивное предложение - 5-комнатная квартира площадью 162 м в новом премиальном жилом комплексе Lucky на Пресне. Квартира полностью готова к проживанию, её планировка сочетает комфорт и высокий стандарт качества жизни, а стильный интерьер выполнен по индивидуальному дизайн-проекту с учётом всех современных тенденций.
Планировка включает:

кухню-гостиную со столовой зоной, идеально подходящую как для семейных ужинов, так и для приёма гостей;
просторную главную спальню с ванной комнатой и гардеробной;
две детские спальни с собственными ванными комнатами и гардеробными;
гостевой санузел и постирочную зону;
удобную прихожую.

Особенность этой квартиры - высокие потолки 3,2 метра и панорамные окна с французскими балконами, благодаря которым помещение наполняется мягким естественным светом. Квартира расположена на удобном 9 этаже, окна выходят на две стороны: во внутренний двор и на улицу Костикова, обеспечивая тишину и уединение.
Интерьер выполнен в стиле современной классики с новой дизайнерской отделкой. В комнатах установлена качественная мебель известных итальянских брендов: Minotti, Poltrona Frau, Pianca. Полы выложены массивом дуба и мрамором. Итальянская кухня Dada с каменной столешницей оборудована современной бытовой техникой Neff. В ванных комнатах установлена премиальная сантехника Villeroy&Boch.",5.0,9.0,21.0,162.0,,162.0,264.0,1629.6
https://www.cian.ru/sale/flat/310363456/,https://images.cdn-cian.ru/images/2331924311-4.jpg,ЖК «Квартал LIFE TIME»,"Москва, ЦАО, р-н Пресненский, м. Краснопресненская, 2-я Черногрязская улица",Транспортом,609080000.0,1445030.0,"LIFE TIME - роскошный современный квартал в самом быстрорастущем премиальном районе ЦАО - Пресне. Его архитектурная концепция опережает время, а беспрецедентно исчерпывающая инфраструктура и расположение дарят бесценное время своим жителям. Вы больше не тратите его на дорогу или ожидание, при этом ни в чем себе не отказывая.

На территории предусмотрено все для привилегированной и самодостаточной жизни:

-  просторный, красивый, разнообразный двор-парк; 

-  спортивная инфраструктура на улице и в помещении, в том числе бассейн и спа; 

-  все для развития и досуга детей всех возрастов, в том числе детский сад и школа;

-  вы внутри сложившегося премиального района со всем необходимым, в окружении многочисленных парков, с быстрой транспортной доступностью до бульварного кольца и Москва-Сити, прямым выездом на Новую Ригу

Новая роскошь - это сочетание идеального расположения, просторной закрытой территории и респектабельной приватности: квартал занимает 3 га, но на этаже будет не больше 2-3 квартир. Представлены уникальные виллы с патио и террасами на кровле; двухэтажные квартиры, пентхаусы с 7-метровыми потолками, каминами и террасами.",5.0,10.0,10.0,421.5,,421.5,609.1,1445.0
https://www.cian.ru/sale/flat/296106353/,https://images.cdn-cian.ru/images/2286875921-4.jpg,ЖК «Панорама»,"Москва, ЦАО, р-н Пресненский, м. Краснопресненская, улица Климашкина, 17С2",Пешком,270000000.0,899101.0,"Лот: 27453. Пятикомнатная квартира с панорамными окнами расположена на четвертом этаже современного ЖК ""Панорама"" в Пресненском районе Москвы.
Интерьер квартиры оформлен по авторскому дизайн-проекту в классическом стиле. Мебель ведущих мировых брендов гармонично вписана в пространство.
Функциональная планировка включает четыре спальни, гостиную-студию, кабинет, три ванные комнаты, 2 гардеробные комнаты и постирочную. Предусмотрено централизованное кондиционирование воздуха с многоступенчатой системой фильтрации и подогрев полов. 
Есть машино-места в подземном паркинге. 
На территории ЖК ""Панорама"" имеется фитнес-клуб с бассейном ""World Class"", салон красоты, сауна, ресторан, детская игровая комната. Безопасность обеспечивает военизированная охрана и система видеонаблюдения. 

Участник ассоциации агентств элитной недвижимости AREA",5.0,4.0,10.0,300.3,,300.3,270.0,899.1
https://www.cian.ru/sale/flat/302456592/,https://images.cdn-cian.ru/images/kvartira-moskva-ulica-kostikova-2177654858-4.jpg,ЖК «Lucky»,"Москва, ЦАО, р-н Пресненский, м. Краснопресненская, улица Костикова, 4к3",Пешком,360000000.0,1557093.0,"Продается просторная 5-комнатная квартира, расположенная в живописном районе. Квартира обладает уютной обстановкой и светлым ремонтом. Благодаря большим окнам комнаты наполняются светом и создают атмосферу комфорта. Красивый вид из окон и близость к парку делают это место идеальным для баланса между активной жизнью и отдыхом.
Жилой квартал расположен в районе Красная Пресня, в 200 метрах от станции метро Улица 1905 года.

Площадь террасы + балкона с коэффициентом: 15.1 квм (без 50.3 квм). 
Таких квартир с видовой террасой всего 2.
Прямая продажа!
Звоните, пишите в любое время - ответим на вопросы!",5.0,18.0,21.0,231.2,,231.2,360.0,1557.1
https://www.cian.ru/sale/flat/306155407/,https://images.cdn-cian.ru/images/2255562415-4.jpg,ЖК «Квартал LIFE TIME»,"Москва, ЦАО, р-н Пресненский, м. Краснопресненская, 2-я Черногрязская улица",Транспортом,227970000.0,1113679.0,"LIFE TIME - роскошный современный квартал в самом быстрорастущем премиальном районе ЦАО - Пресне. Его архитектурная концепция опережает время, а беспрецедентно исчерпывающая инфраструктура и расположение дарят бесценное время своим жителям. Вы больше не тратите его на дорогу или ожидание, при этом ни в чем себе не отказывая.

На территории предусмотрено все для привилегированной и самодостаточной жизни:

-  просторный, красивый, разнообразный двор-парк; 

-  спортивная инфраструктура на улице и в помещении, в том числе бассейн и спа; 

-  все для развития и досуга детей всех возрастов, в том числе детский сад и школа;

-  вы внутри сложившегося премиального района со всем необходимым, в окружении многочисленных парков, с быстрой транспортной доступностью до бульварного кольца и Москва-Сити, прямым выездом на Новую Ригу

Новая роскошь - это сочетание идеального расположения, просторной закрытой территории и респектабельной приватности: квартал занимает 3 га, но на этаже будет не больше 2-3 квартир. Представлены уникальные виллы с патио и террасами на кровле; двухэтажные квартиры, пентхаусы с 7-метровыми потолками, каминами и террасами.",5.0,9.0,10.0,204.7,,204.7,228.0,1113.7
https://www.cian.ru/sale/flat/305468308/,https://images.cdn-cian.ru/images/2291411657-4.jpg,ЖК «Дизайнерский дом Eleven»,"Москва, ЦАО, р-н Пресненский, м. Краснопресненская, Звенигородское шоссе, 11",Транспортом,330000000.0,1191336.0,"Лот: 53276. В продаже видовой пентхаус с отделкой и террасами в жилом комплексе премиум-класса Eleven на Пресне.
Планировка: гостиная с зоной кухни, 4 спальни с собственными ванными, гостевой санузел, гардеробные. Есть просторная видовая терраса с видом на ММДЦ ""Москва-Сити"" (площадь 45 кв. м, учтена в общей площади с коэффициентом 0,3) и 2 лоджии.
Выполнена новая отделка в стиле современной классики с применением натуральных материалов, в санузлах установлена сантехника премиум-класса.
Высота потолка  4,2 м.
В стоимость входят 3 машино-места в подземном паркинге.
Eleven  жилой комплекс премиум-класса на Пресне. Презентабельная входная группа, огороженная территория, собственная инфраструктура: фитнес-клуб с бассейном и спа-зоной Crocus Fitness, детский клуб, ресторан, фуд-маркет, сигарный клуб, круглосуточный room-сервис.

Участник ассоциации агентств элитной недвижимости AREA",5.0,16.0,17.0,277.0,,277.0,330.0,1191.3
https://www.cian.ru/sale/flat/309318908/,https://images.cdn-cian.ru/images/2311627906-4.jpg,ЖК «Звёзды Арбата»,"Москва, ЦАО, р-н Арбат, м. Краснопресненская, улица Новый Арбат, 32",Пешком,350000000.0,956284.0,"ID: V15  
Предлагается в продажу роскошный апартамент в комплексе Звезды Арбата. Апарт-комплекс - новая концепция жизни для тех, кому важно личное пространство, престиж и комфорт.   
  
Площадь апартаментов 366 кв.м, это 3 объединенных лота. 4 полноценные спальни, кухня-гостиная, 4 санузла и 3 гардеробных. Из всех окон открывается невероятный вид.  
  
В апартаменте выполнена вся черновая отделка, проложена инженерия. Вам остается только самое приятное. В подарок дизайн-проект! Оперативный показ, быстрый выход на сделку. Полная стоимость в договоре.  
  
Есть возможность арендовать или приобрести машино-место в подземном паркинге за отдельную плату. Апартаменты с премиальным сервисом от одного из лидеров мирового рынка гостиничных услуг Marriott International. Вам становится доступен не только широкий спектр услуг, оказываемых на самом высоком качественном уровне, но и открывается доступ к инфраструктуре отеля. Это означает, что вы сможете спуститься из апартаментов на завтрак в отель, посетить фитнес и SPA, салон красоты, провести переговоры в конференц-зале отеля, а вечером, в приватной обстановке, в апартаментах, отведать изысканный ужин, приготовленный поварами ресторана отеля. Собственные входные группы, инфраструктура и сервис отеля Marriott Novy Arbat (организация обедов и ужинов в апартаментах, консьерж-сервис, бронирование и доставка билетов, цветов, заказ транспорта, поддержание чистоты и порядка в апартаментах, уход за одеждой и обувью и её ремонт, мелкий ремонт в апартаментах и т.д.). Круглосуточная система контроля доступа и видеонаблюдения, подземный паркинг для собственников и гостей апартаментов.",5.0,7.0,13.0,366.0,,366.0,350.0,956.3
https://www.cian.ru/sale/flat/309108717/,https://images.cdn-cian.ru/images/2307597617-4.jpg,ЖК «Квартал LIFE TIME»,"Москва, ЦАО, р-н Пресненский, м. Краснопресненская, Лайф Тайм ЖК",Транспортом,466200000.0,1542177.0,"LIFE TIME - роскошный современный квартал в самом быстрорастущем премиальном районе ЦАО - Пресне. Его архитектурная концепция опережает время, а беспрецедентно исчерпывающая инфраструктура и расположение дарят бесценное время своим жителям. Вы больше не тратите его на дорогу или ожидание, при этом ни в чем себе не отказывая.

На территории предусмотрено все для привилегированной и самодостаточной жизни:

-  просторный, красивый, разнообразный двор-парк; 

-  спортивная инфраструктура на улице и в помещении, в том числе бассейн и спа; 

-  все для развития и досуга детей всех возрастов, в том числе детский сад и школа;

-  вы внутри сложившегося премиального района со всем необходимым, в окружении многочисленных парков, с быстрой транспортной доступностью до бульварного кольца и Москва-Сити, прямым выездом на Новую Ригу

Новая роскошь - это сочетание идеального расположения, просторной закрытой территории и респектабельной приватности: квартал занимает 3 га, но на этаже будет не больше 2-3 квартир. Представлены уникальные виллы с патио и террасами на кровле; двухэтажные квартиры, пентхаусы с 7-метровыми потолками, каминами и террасами.",5.0,22.0,23.0,302.3,,302.3,466.2,1542.2
https://www.cian.ru/sale/flat/304233662/,https://images.cdn-cian.ru/images/novostroyka-moskva-druzhinnikovskaya-ulica-2210760285-4.jpg,ЖК «SkyView»,"Москва, ЦАО, р-н Пресненский, м. Краснопресненская, Дружинниковская улица, 15",Пешком,121990000.0,896985.0,"Продажа 5ти-комнатных апартаментов площадью 136 на 4-м этаже 20-этажного дома, срок сдачи  - август/сентябрь 2024. 

Комплекс апартаментов SkyView расположился в районе Пресни, имеющем богатое историческое и культурное наследие.ст. Краснопресненская в пешей доступности, кроме того, в шаговой доступности парки, школы, магазины и рестораны премиум уровня.
Для автолюбителей удобный выезд на Садовое кольцо, Краснопресненскую набережную, ТТК.

Четыре элегантные башни гармонично вырастают из исторической застройки вверх и в будущее. Здесь созданы идеальные условия для комфортной жизни.  Архитектура комплекса SkyView радует глаз не только снаружи, но и изнутри. Закругленная геометрия башен обеспечивает все апартаменты прекрасными видами на Москву. Башня В имеет отличные видовые качества- окна выходят в сторону старого города, утопающего в зелени. 

Тщательно продуманная планировка дает возможность обустроить аппартамент в соответствии с образом жизни, здесь комфортно планируется от 2 до 4 спален и просторная солнечная кухня-гостиная . Территория жизни не ограничивается стенами ваших апартаментов, имея благоустроенный двор и общественное пространство с магазинами и ресторанами. ДДУ от физ.лица.",5.0,4.0,22.0,136.0,,136.0,122.0,897.0
https://www.cian.ru/sale/flat/309979982/,https://images.cdn-cian.ru/images/novostroyka-layf-taym-2324761483-4.jpg,ЖК «Квартал LIFE TIME»,"Москва, ЦАО, р-н Пресненский, м. Краснопресненская, Лайф Тайм ЖК",Транспортом,170000000.0,1049383.0,"Срочная продажа! Цена ниже чем у застройщика.
Инвестиционный потенциал. Лучшие видовые характеристики!

Видовая 5-комнатная квартиры в премиальном жилом квартале Life Time в Пресненском районе. 

Планировка квартиры: просторная кухня-гостиная 50 м2, мастер-спальня со своей ванной и гардеробной комнатами, 3 спальни, 2 санузла, постирочная. 

Высокие потолки 3,43 м и панорамные окна в пол с потрясающими видами на на центр города и башни Москва-Сити.

Квартира реализуется без отделки. По желанию покупателей возможен индивидуальный дизайн-проект и меблировка в сопровождении ведущей архитектурной студии Москвы.

Премиальный архитектурный облик квартала Life Time от модного и титулованного бюро Цимайло Ляшенко и Партнёры выдержан в стиле роскошного минимализма. Интерьеры просторных лобби с дизайнерской мебелью выполнены с отделкой из дорогостоящих материалов, их отличает сдержанная роскошь.

Уникальная особенность Life Time - собственный двор-парк площадью 1,7 га с  многофункциональной спортивной площадкой и воркаут-зоной и развивающей детской площадкой. В квартале будет престижная частная школа и детский сад. 

Среда двора-парка дополняется насыщенной средой Clubhouse, который расположен в отдельном здании и доступен только для жителей. В нём предусмотрены соседский центр по стандарту Friends Lab; игровая комната по стандарту Kids Lab; фитнес-зал по стандарту Fit Lab с собственным 25-метровым бассейном с сауной, хаммамом, хот-табом и wellness-зоной.

В квартале предусмотрен красивый, комфортный и просторный подземный паркинг с премиальной отделкой.

Статусное расположение квартала на престижной Пресне позволяет быстро и с комфортом добраться до Сити или исторического центра Москвы. Квартал расположен в 300 м от Красногвардейских прудов, 650 м от парка Декабрьского восстания и 750 м от парка Красная Пресня. 

 ***Компания Delta estate состоит в ассоциации агентств элитной недвижимости AREA.",5.0,11.0,16.0,162.0,,162.0,170.0,1049.4
https://www.cian.ru/sale/flat/305452352/,https://images.cdn-cian.ru/images/2262220528-4.jpg,ЖК «SkyView»,"Москва, ЦАО, р-н Пресненский, м. Краснопресненская, Дружинниковская улица, 15",Пешком,288417888.0,1335268.0,"Продаются 5-комнатные апартаменты площадью 216 на 14-м этаже 20-этажного дома. ДОМА СДАНЫ.  

Комплекс апартаментов SkyView расположился в самом сердце Пресни — района с богатым историческим и культурным наследием.
Четыре элегантные башни гармонично вырастают из исторической застройки вверх и в будущее. Здесь созданы идеальные условия для жизни — роскошной и комфортной, насыщенной и безмятежной, включенной в столичный ритм и избавленной от суеты. В вашем распоряжении ежедневно будут доступны премиальный фитнес клуб с бассейном 25м, рестораны.
Тщательно продуманные планировки дают возможность сформировать персональное жизненное пространство, отвечающее вашему характеру и образу жизни. План вашей жилой территории гибко следует за вашими планами на жизнь. Эта территория не ограничивается стенами ваших апартаментов. Архитектура комплекса SkyView радует глаз не только снаружи, но и изнутри. Закругленная геометрия башен обеспечивает все апартаменты завораживающими видами на Москву, которая становится частью вашей домашней обстановки. Уникальный силуэт, разнообразие восприятия с разных видовых точек, максимальные видовые характеристики и одновременно приватность для жильцов комплекса.",5.0,14.0,20.0,216.0,,216.0,288.4,1335.3
https://www.cian.ru/sale/flat/310948268/,https://images.cdn-cian.ru/images/2343785666-4.jpg,ЖК «Lucky»,"Москва, ЦАО, р-н Пресненский, м. Краснопресненская, улица Костикова, 4к5",Пешком,270000000.0,1636364.0,"id:45576. 
5-ти комнатная квартира в премиальном жилом комплексе Лаки. Частный садик, Кофемания, одна из самых красивых в Москве, премиальный фитнес и много другое - и это все в Вашем комплексе!
Квартира оборудована кухней итальянского бренда DADA с техникой фирмы ""NEFF"" и островом со столешницей из кварцевого камня Vicostone. Мебель для гостиной, столовой и мастер-спальни фабрики Италии Paltrone Frau, LEMA , Minotti, Pianca .

В квартире выполнена новая дизайнерская отделка премиальными отделочными материалами от ведущих европейских производителей. Установлены дорогие итальянские межкомнатные двери Rimadesio.
На полу массивная доска из дуба Прайм ( Франция ) , в коридоре напольное покрытие из мрамора, ванные комнаты оборудованы премиальными европейскими брендами Oasis, Cielo, Gessi, Bossini, Villeroy & Boch,Toto.
В квартире установлена собственная система увлажнения Buhler, система видеонаблюдения, централизованная приточно-вытяжная вентиляция, система умный дом и система очистки воды до питьевой . Планировка квартиры включает в себя : просторную гостиную с кухонной зоной со своим островом , мастер-спальню с гардеробной и ванной комнатой , две детские комнаты, полностью оборудованные встроенными шкафами и мебелью, сделанными на заказ, гостевая спальня, которая может быть кабинетом , холл, гостевой санузел, постирочную с сушильной и стиральной машиной Asco и бойлером.
Окна выходят на две стороны света.
Благодаря панорамным окнам квартира очень светлая, открываются прекрасные виды на центр и во двор. 

Делимся с партнерами!
Партнеры Ассоциации Партнерских Продаж",5.0,9.0,12.0,165.0,,165.0,270.0,1636.4
https://www.cian.ru/sale/flat/307877140/,https://images.cdn-cian.ru/images/kvartira-moskva-stolyarnyy-pereulok-2282283719-4.jpg,ЖК «Рассвет Loft-Studio»,"Москва, ЦАО, р-н Пресненский, м. Краснопресненская, Столярный переулок, 3к34",Пешком,130000000.0,834403.0,"Продается шикарный двухуровневый апартамент с дизайнерским ремонтом в элитном ЖК ""Рассвет Loft-Studio"". 
Высокие потолки 6 метров, эксклюзивные элементы декора и мебели. Функциональная планировка: на первом этаже зал, спальня, туалет и гардероб.  На втором этаже есть две спальни, гардероб с постирочной-гладильной комнатой и санузлом. 
Панорамные окна. Вид на останкинскую башню, зоопарк, кафедральный собор, высотку на Кудринской площади. Тишина в центре города. Под окнами парк музея Тимирязева с вековыми раскидистыми деревьями! Воздух как в лесу, круглый год поют птицы. Выход с чипом в ресторанный дворик. Престижный район, до метро 1905 года 4 минуты пешком, до метро краснопресненская 8 минут пешком.
Огороженная, охраняемая территория ЖК. Развитая инфраструктура.
Оперативный показ и быстрый выход на сделку. Звоните!",5.0,4.0,5.0,155.8,,155.8,130.0,834.4
https://www.cian.ru/sale/flat/306155222/,https://images.cdn-cian.ru/images/2255557526-4.jpg,ЖК «Квартал LIFE TIME»,"Москва, ЦАО, р-н Пресненский, м. Краснопресненская, Лайф Тайм ЖК",Транспортом,445450000.0,1573472.0,"LIFE TIME - роскошный современный квартал в самом быстрорастущем премиальном районе ЦАО - Пресне. Его архитектурная концепция опережает время, а беспрецедентно исчерпывающая инфраструктура и расположение дарят бесценное время своим жителям. Вы больше не тратите его на дорогу или ожидание, при этом ни в чем себе не отказывая.

На территории предусмотрено все для привилегированной и самодостаточной жизни:

-  просторный, красивый, разнообразный двор-парк; 

-  спортивная инфраструктура на улице и в помещении, в том числе бассейн и спа; 

-  все для развития и досуга детей всех возрастов, в том числе детский сад и школа;

-  вы внутри сложившегося премиального района со всем необходимым, в окружении многочисленных парков, с быстрой транспортной доступностью до бульварного кольца и Москва-Сити, прямым выездом на Новую Ригу

Новая роскошь - это сочетание идеального расположения, просторной закрытой территории и респектабельной приватности: квартал занимает 3 га, но на этаже будет не больше 2-3 квартир. Представлены уникальные виллы с патио и террасами на кровле; двухэтажные квартиры, пентхаусы с 7-метровыми потолками, каминами и террасами.",5.0,22.0,22.0,283.1,,283.1,445.4,1573.5
https://www.cian.ru/sale/flat/302959073/,https://images.cdn-cian.ru/images/2185486981-4.jpg,ЖК «Дизайнерский дом Eleven»,"Москва, ЦАО, р-н Пресненский, м. Краснопресненская, Звенигородское шоссе, 11",Транспортом,330000000.0,1064516.0,"В продаже уникальный пентхаус в ЖК Eleven c 3-мя террасами. Башня Альфа

Общая площадь 248,4м2
Площадь 3-х террас - 65,7м2

Единственный на этаже. Окна выходят на все стороны света.

Высокие потолки - 4,2м2.

Ремонт дизайнерский. Завершены все чистовые работы. 

Доступ на этаж по специальной ключ-карте. 

Звоните, организуем вам просмотр, познакомим с жилым комплексом, расскажем об окружении.",5.0,17.0,17.0,310.0,,310.0,330.0,1064.5
https://www.cian.ru/sale/flat/306238562/,https://images.cdn-cian.ru/images/2248143535-4.jpg,ЖК «Lucky»,"Москва, ЦАО, р-н Пресненский, м. Краснопресненская, улица Костикова, 4к5",Пешком,330000000.0,1392405.0,"Id 46048. Лучшая ВИДОВАЯ квартира в ЖК LUCKY!

Предлагается 5-комнатная видовая квартира с видом на Москва-СИТИ в Жилом квартале Премиум-класса LUCKY! 

С отделкой от итальянской студии Molteni Group.
Пол выполнен из деревянной паркетной доски из тонированного дуба с системой теплый пол.
Санузлы облицованы керамогранитом и бетонной плиткой Терраццо. Сантехника марки Villeroy&Boch.
Кухонная техника (варочная панель, духовой шкаф, посудомоечная машина, микроволновая печь, холодильник с морозильной камерой) - марки NEFF.

Уникальная планировка: кухня-гостиная 50м2, 4 изолированных спальных комнат, кабинет, 3 гардеробных, 3 совмещенных санузлом, 1 гостевой санузел,, постирочная, холл.

Жилой квартал премиум-класса Lucky предлагает резидентам уникальную собственную инфраструктуру, включающую в себя: три офисных центра класса А, рестораны, кафе, собственный детский сад, event-холл с открытым пространством для концертов и мероприятий, художественные мастерские, фермерские лавки, образовательный центр Mind Gym, фитнес-клуб с тренажерным залом, 25-метровым бассейном и wellness-зоной.
На крыше здания предусмотрен всесезонный бассейн и сад. Два подземных 3-уровневых паркинга.
Квартал расположен в пешей доступности от четырех парков: ""Красная Пресня"",
""Красногвардейские пруды"", парк Декабрьского восстания, Пресненский детский парк.
Великолепная транспортная доступность: удобные выезды на Звенигородское шоссе, улицу Красная Пресня и ТТК; станция метро ""Улица 1905 года"" расположена всего в 7 минутах пешком от комплекса.


ЛЕГКО КУПИТЬ:
- Один собственник
- Быстрый выход на сделку
- Полное юридическое сопровождение
- Оперативный показ ( возможен онлайн показ )
- Гарантия безопасности

Звоните, будем рады ответить на все Ваши вопросы!",5.0,15.0,15.0,237.0,,237.0,330.0,1392.4
https://www.cian.ru/sale/flat/306155220/,https://images.cdn-cian.ru/images/2255557445-4.jpg,ЖК «Квартал LIFE TIME»,"Москва, ЦАО, р-н Пресненский, м. Краснопресненская, Лайф Тайм ЖК",Транспортом,386400000.0,1454819.0,"LIFE TIME - роскошный современный квартал в самом быстрорастущем премиальном районе ЦАО - Пресне. Его архитектурная концепция опережает время, а беспрецедентно исчерпывающая инфраструктура и расположение дарят бесценное время своим жителям. Вы больше не тратите его на дорогу или ожидание, при этом ни в чем себе не отказывая.

На территории предусмотрено все для привилегированной и самодостаточной жизни:

-  просторный, красивый, разнообразный двор-парк; 

-  спортивная инфраструктура на улице и в помещении, в том числе бассейн и спа; 

-  все для развития и досуга детей всех возрастов, в том числе детский сад и школа;

-  вы внутри сложившегося премиального района со всем необходимым, в окружении многочисленных парков, с быстрой транспортной доступностью до бульварного кольца и Москва-Сити, прямым выездом на Новую Ригу

Новая роскошь - это сочетание идеального расположения, просторной закрытой территории и респектабельной приватности: квартал занимает 3 га, но на этаже будет не больше 2-3 квартир. Представлены уникальные виллы с патио и террасами на кровле; двухэтажные квартиры, пентхаусы с 7-метровыми потолками, каминами и террасами.",5.0,22.0,22.0,265.6,,265.6,386.4,1454.8
https://www.cian.ru/sale/flat/311661766/,https://images.cdn-cian.ru/images/2359418380-4.jpg,ЖК «Панорама»,"Москва, ЦАО, р-н Пресненский, м. Краснопресненская, улица Климашкина, 17С2",Пешком,269900000.0,898768.0,"id:15117. 
Пятикомнатная квартира с панорамными окнами занимает четвертый этаж современного жилого комплекса ""Панорама"" в Пресненском районе Москвы.
Дизайн интерьера выполнен по индивидуальному проекту в классическом стиле. Мебель от известных мировых производителей идеально сочетается с общим пространством.
Планировка предусматривает четыре спальни, гостиную-студию, рабочий кабинет, три ванные комнаты, две гардеробные и прачечную. Установлено центральное кондиционирование с многоуровневой фильтрацией воздуха и теплый пол.
Есть места в подземном паркинге.
Для жителей комплекса доступны фитнес-центр с бассейном ""World Class"", салон красоты, сауна, ресторан и детская игровая комната. Охрана обеспечивается силами военизированных служб, а также системой видеонаблюдения.",5.0,4.0,10.0,300.3,,300.3,269.9,898.8
https://www.cian.ru/sale/flat/311694812/,https://images.cdn-cian.ru/images/2360081173-4.jpg,ЖК «Дизайнерский дом Eleven»,"Москва, ЦАО, р-н Пресненский, м. Краснопресненская, Звенигородское шоссе, 11",Транспортом,329000000.0,1057878.0,"id:15146. 
Роскошная 5-комнатная квартира в ЖК ""Дизайнерский дом Eleven (11)""

Приветствуем вас в элитном жилом комплексе ""Дизайнерский дом Eleven (11)""! Представляем вашему вниманию уникальное предложение - роскошная 5-комнатная квартира общей площадью 310 м, где роскошь и комфорт переплетаются в единое целое.
Интерьер высочайшего качества
Эта квартира поражает своим стильным дизайном и функциональной планировкой. Просторные светлые комнаты, высокие потолки, панорамные окна с великолепным видом на город и парк, представляют собой идеальное сочетание современного комфорта и элегантности.
Удобства для комфортной жизни
Жизнь в ЖК ""Дизайнерский дом Eleven (11)"" предлагает множество преимуществ: закрытая территория с круглосуточной охраной, подземный паркинг, собственный парк, детские площадки, фитнес-центр, спа-салон и многое другое. Здесь каждый найдет занятие по душе.
Престижное месторасположение
Жилой комплекс удачно расположен в центре города, рядом с парком и инфраструктурой. Здесь вы сможете наслаждаться тихой обстановкой, но при этом находиться в шаговой доступности от ресторанов, магазинов и культурных центров.
Не упустите шанс стать обладателем этой уникальной квартиры в ЖК ""Дизайнерский дом Eleven (11)"". Позвольте себе жить в роскоши и уюте, окруженные заботой о вашем комфорте.
Ваш новый уровень жизни ждет вас здесь и сейчас!
Завершая, хочется подчеркнуть, что приобретение этой квартиры станет истинным воплощением вашей мечты о жизни в роскоши и комфорте. Не упустите свой шанс на идеальное жилье в самом престижном комплексе города.",5.0,16.0,17.0,311.0,,311.0,329.0,1057.9
https://www.cian.ru/sale/flat/308070377/,https://images.cdn-cian.ru/images/2285917785-4.jpg,ЖК «SkyView»,"Москва, ЦАО, р-н Пресненский, м. Краснопресненская, Дружинниковская улица, 15",Пешком,289085522.0,1335268.0,"Продаются 5-комнатные апартаменты площадью 216,5 на 14-м этаже 20-этажного дома. ДОМА СДАНЫ.  

Комплекс апартаментов SkyView расположился в самом сердце Пресни — района с богатым историческим и культурным наследием.
Четыре элегантные башни гармонично вырастают из исторической застройки вверх и в будущее. Здесь созданы идеальные условия для жизни — роскошной и комфортной, насыщенной и безмятежной, включенной в столичный ритм и избавленной от суеты. В вашем распоряжении ежедневно будут доступны премиальный фитнес клуб с бассейном 25м, рестораны.
Тщательно продуманные планировки дают возможность сформировать персональное жизненное пространство, отвечающее вашему характеру и образу жизни. План вашей жилой территории гибко следует за вашими планами на жизнь. Эта территория не ограничивается стенами ваших апартаментов. Архитектура комплекса SkyView радует глаз не только снаружи, но и изнутри. Закругленная геометрия башен обеспечивает все апартаменты завораживающими видами на Москву, которая становится частью вашей домашней обстановки. Уникальный силуэт, разнообразие восприятия с разных видовых точек, максимальные видовые характеристики и одновременно приватность для жильцов комплекса.",5.0,14.0,20.0,216.5,,216.5,289.1,1335.3
https://www.cian.ru/sale/flat/306154993/,https://images.cdn-cian.ru/images/2255559159-4.jpg,ЖК «Квартал LIFE TIME»,"Москва, ЦАО, р-н Пресненский, м. Краснопресненская, Лайф Тайм ЖК",Транспортом,411280000.0,1508177.0,"LIFE TIME - роскошный современный квартал в самом быстрорастущем премиальном районе ЦАО - Пресне. Его архитектурная концепция опережает время, а беспрецедентно исчерпывающая инфраструктура и расположение дарят бесценное время своим жителям. Вы больше не тратите его на дорогу или ожидание, при этом ни в чем себе не отказывая.

На территории предусмотрено все для привилегированной и самодостаточной жизни:

-  просторный, красивый, разнообразный двор-парк; 

-  спортивная инфраструктура на улице и в помещении, в том числе бассейн и спа; 

-  все для развития и досуга детей всех возрастов, в том числе детский сад и школа;

-  вы внутри сложившегося премиального района со всем необходимым, в окружении многочисленных парков, с быстрой транспортной доступностью до бульварного кольца и Москва-Сити, прямым выездом на Новую Ригу

Новая роскошь - это сочетание идеального расположения, просторной закрытой территории и респектабельной приватности: квартал занимает 3 га, но на этаже будет не больше 2-3 квартир. Представлены уникальные виллы с патио и террасами на кровле; двухэтажные квартиры, пентхаусы с 7-метровыми потолками, каминами и террасами.",5.0,22.0,23.0,272.7,,272.7,411.3,1508.2
https://www.cian.ru/sale/flat/306155216/,https://images.cdn-cian.ru/images/2255557387-4.jpg,ЖК «Квартал LIFE TIME»,"Москва, ЦАО, р-н Пресненский, м. Краснопресненская, Лайф Тайм ЖК",Транспортом,365820000.0,1570717.0,"LIFE TIME - роскошный современный квартал в самом быстрорастущем премиальном районе ЦАО - Пресне. Его архитектурная концепция опережает время, а беспрецедентно исчерпывающая инфраструктура и расположение дарят бесценное время своим жителям. Вы больше не тратите его на дорогу или ожидание, при этом ни в чем себе не отказывая.

На территории предусмотрено все для привилегированной и самодостаточной жизни:

-  просторный, красивый, разнообразный двор-парк; 

-  спортивная инфраструктура на улице и в помещении, в том числе бассейн и спа; 

-  все для развития и досуга детей всех возрастов, в том числе детский сад и школа;

-  вы внутри сложившегося премиального района со всем необходимым, в окружении многочисленных парков, с быстрой транспортной доступностью до бульварного кольца и Москва-Сити, прямым выездом на Новую Ригу

Новая роскошь - это сочетание идеального расположения, просторной закрытой территории и респектабельной приватности: квартал занимает 3 га, но на этаже будет не больше 2-3 квартир. Представлены уникальные виллы с патио и террасами на кровле; двухэтажные квартиры, пентхаусы с 7-метровыми потолками, каминами и террасами.",5.0,22.0,22.0,232.9,,232.9,365.8,1570.7
,,,,,302193548.1851852,1156968.7037037036,Средние значения,—,—,—,242.9645833333333,54,243.0,302.2,1157.0
,,,,,275543655.6111111,1092791.3055555555,Средние значения,—,—,—,230.009375,36,230.0,275.5,1092.8
,,,,,355493333.3333333,1285323.5,Средние значения,—,—,—,268.875,18,268.9,355.5,1285.3
,,,,,325592741.7083333,1225987.9791666667,Средние значения,—,—,—,249.62093023255815,48,249.6,325.6,1226.0
,,,,,115000000.0,604814.5,Средние значения,—,—,—,185.72,6,185.7,115.0,604.8
