card_url,image_url,Адрес,От метро,"Цена, ₽","Цена за м², ₽",description,Комнат,Этаж,Этажность,Площадь,В ЖК,Количество,"Площадь, м²","Цена, млн. ₽","Цена за м², тыс. ₽"
https://www.cian.ru/sale/flat/310582278/,https://images.cdn-cian.ru/images/2336062599-4.jpg,"Москва, ЮАО, р-н Чертаново Центральное, м. Чертановская, улица Красного Маяка, 13АК4",Транспортом,14700000.0,236334.0,"Номер лота: 88963. Предлагается квартира общей площадью 62,2 м² с ремонтом и большим балконом 4,5 м², на 2 этаже 9-этажного дома, в 5 минутах на автомобиле от станции метро ""Пражская"". Функциональная планировка: гостиная 18,8 м², изолированные комнаты - спальни 9 м², 9,4 м² с выходом на балкон, кухня 5,9 м², просторная прихожая, санузел раздельный. Окна на две стороны, подвесные потолки, пол - ламинат, стены - обои. Тамбур на две квартиры. Чистый, ухоженный подъезд, мусоропровод.

Инфраструктура:

В районе имеется вся необходимая инфраструктура. Функционируют 14 общеобразовательных школ, включая две школы и детских сада  1173 - в 5 минутах ходьбы от подъезда. Получить медицинскую помощь можно в двух государственных взрослых поликлиниках и двух медцентрах ""А-Линия"". Работают сетевые продуктовые магазины: ""Пятёрочка"", ""Магнит"" рядом с домом. Поблизости находится крупнейший в Москве торгово-развлекательный центр ""Columbus"" с магазинами для взрослых и детей, семейным парком, фитнес-центром, гипермаркетом ""ОКЕЙ"" и кинотеатром.

Центром притяжения района является второй по величине (2208,4 га) в Москве природно-исторический парк ""Битцевский лес"" с экологическими тропами, водоёмом, детскими площадками, кинологическим центром, мини-зоопарком и тремя усадьбами, включая усадьбу ""Ясенево"". Развлечения как летом, так и зимой. В парке есть несколько лыжных трасс, протяженность каждой из которых около 5 км. Функционирует горнолыжный склон ""Узкое"" с одним из самых протяженных горнолыжных склонов в городе. 

Развитая транспортная доступность. Рядом с домом остановка общественного транспорта ""Спортбаза"": автобусы  922,  96 и  941 маршрутом до станций метро ""Пражская"", ""Южная"" и ""Улица Академика Янгеля"". Удобный выезд на Юго-Восточную хорду (ЮВХ) и Московский скоростной диаметр (МСД), Варшавское и МКАД.

Документы:

2 взрослых собственника, более 5 лет. Без обременений. Альтернативная продажа. Безопасность сделки обеспечена стандартами российской Гильдии Риелторов. 4-комнатная квартира рядом с метро Чертановская.",,,,,,,nan,14.7,236.3
https://www.cian.ru/sale/flat/306445663/,https://images.cdn-cian.ru/images/2251796891-4.jpg,"Москва, ЮАО, р-н Чертаново Центральное, м. Чертановская, Днепропетровская улица, 27к1",Транспортом,16200000.0,261290.0,"Арт. 72556941 Продается прекрасная квартира для  семьи рядом с парком,
Сделан хороший ремонт из качественных материалов с заменой электропроводки и всей сантехники.
Перепланировок нет, три изолированные комнаты и одна общая гостинная позволит комфортно разместиться.
Кухня со встроенной техникой и стиральная машинка остаются в подарок новому собственнику.
В доме ведется капитальный ремонт
Удобная транспортная доступность от двух станций метро, рядом вся необходимая инфраструктура для комфортного проживания
Свободная продажа, никто не прописан Купить 4-комнатную квартиру рядом с метро Чертановская.",,,,,,,nan,16.2,261.3
https://www.cian.ru/sale/flat/311631882/,https://images.cdn-cian.ru/images/2358803940-4.jpg,"Москва, ЮАО, р-н Чертаново Центральное, м. Чертановская, Днепропетровская улица, 29",Транспортом,13200000.0,196137.0,"Id 26525. Новогодние праздники - отличное время чтобы посмотреть эту квартиру!

Дорогие покупатели и коллеги!
С удовольствием предлагаю Вам уютную, до краев наполненную, солнечным светом, теплом и позитивной энергией квартиру!

Почитатели комфортной жизни по достоинству оценят:

- Удобное расположение. В пределах 15-20 минут пешком находятся станции метро Пражская и Южная

- Район утопает в тишине и зелени! Всего в 300 метрах от дома — бескрайний Битцевский лес, идеальное место для активных прогулок и отдыха после напряженного дня. В 100 метрах живописный сквер и пруд.

- Окрестности не перегруженные людьми и автомобилями, обжитый и укомплектованный всей необходимой инфраструктурой уютный уголок. (Школы, детские сады, магазины, кафе, больницы и Т.Д.).

- Ухоженный дом, в хорошем состоянии.

- Высокий 7-ой этаж, благодаря отсутствию растительности на уровне окон, в квартире много естественного солнечного света!

- Практичную и функциональную планировку, позволяющую реализовать ваши идеи. 

- Площадь с учетом лоджии 67,3м2 без учета 62.7м2.

- Квартира в руках одной семьи всё время своего существования.
* Полная стоимость в ДКП. 
* 1 взрослый совершеннолетний собственник.
* Никаких обременений и ограничений.
* Свободная продажа.
* Ипотека приветствуется!

- Понравилась эта квартира, но еще не продали свою? Не проблема, обращайтесь, поможем!

Спешите записаться на просмотр!
Каждому позвонившему гарантированно позитивное настроение Продается 4-комнатная квартира рядом с метро Чертановская.",4.0,7.0,9.0,67.3,,,67.3,13.2,196.1
https://www.cian.ru/sale/flat/310533480/,https://images.cdn-cian.ru/images/kvartira-moskva-dnepropetrovskaya-ulica-2335211556-4.jpg,"Москва, ЮАО, р-н Чертаново Центральное, м. Чертановская, Днепропетровская улица, 27к1",Транспортом,16500000.0,261905.0,"Прекрасная четырехкомнатная квартира после качественного ремонта. 
комнаты изолированы 
много мест для хранения
кухня оборудована бытовой техникой 
лоджия застекленная 

готовы быстро выйти на сделку, документы готовы",4.0,3.0,9.0,63.0,,,63.0,16.5,261.9
https://www.cian.ru/sale/flat/311665434/,https://images.cdn-cian.ru/images/kvartira-moskva-chernomorskiy-bulvar-2359473464-4.jpg,"Москва, ЮАО, р-н Нагорный, м. Чертановская, Черноморский бульвар, 4",Пешком,24990000.0,340928.0,"Предлагается четырёхкомнатная квартира с изолированными комнатами, имеется два остеклённых балкона.  Квартира распашонка предпологает максимально функциональное использование  площади, а также всевозможные варианты перепланировки! Прекрасное месторасположение, в пешей доступности метро Варшавская и Чертановская, развитая инфраструктура: рядом школа, садики, супермаркеты, фитнес-клуб, а так же сам Черноморский бульвар отличное место для прогулок.

Так же квартиру можно перевести в нежилой фонд и использовать для комерчесских целях (например: офис, салон красоты, аптека, нотариальная контора и прочие)

По документам: 1 взрослый собственник, полная стоимость в ДКП, свободная продажа, без обремений. Выход на сделку возможен в феврале Продам 4-комнатную квартиру рядом с метро Чертановская.",4.0,1.0,9.0,73.3,,,73.3,25.0,340.9
https://www.cian.ru/sale/flat/310537650/,https://images.cdn-cian.ru/images/kvartira-moskva-dnepropetrovskaya-ulica-2335315430-4.jpg,"Москва, ЮАО, р-н Чертаново Центральное, м. Чертановская, Днепропетровская улица, 5К4",Транспортом,13500000.0,210608.0,"Квартира угловая, теплая. Последний подъезд по соседству со школой. Метро в  шаговой доступности. 

Свободная продажа. Один взрослый собственник. Покупалась по ДКП в 2024г. с торгов за собственные средства. Обременений и долгов нет. Никто не прописан. Перепланировок нет.",4.0,3.0,9.0,64.1,,,64.1,13.5,210.6
https://www.cian.ru/sale/flat/312177606/,https://images.cdn-cian.ru/images/2370455407-4.jpg,"Москва, ЮАО, р-н Чертаново Северное, м. Чертановская, Сумской проезд, 12К5",Пешком,27000000.0,330477.0,"Id 26674. Свободная продажа.

Один взрослый собственник.

Обременений нет.
Долгов нет.
Залогов нет.

Квартира под ремонт. Пустая. 

Общая площадь 83,9 кв.м. (с учетом лоджий).
Общая площадь 81,7 кв.м. (без учета лоджий).

Перепланировки нет.

В КВАРТИРЕ: 
Четыре изолированные комнаты.
Два сан.узла, включая гостевой.
Кухня 11.4кв.м.
Две большие лоджии (на кухне и в гостинной).
Большая квадратная прихожая.
Высота потолков 270 см.

Дом ТСЖ.
В подъезде два лифта: грузовой и пассажирский.
Просторный входной вестибюль в подъезде.

До метро Чертановская 200 метров.

Покажем по предварительной договоренности. Продажа.",4.0,6.0,16.0,81.7,,,81.7,27.0,330.5
https://www.cian.ru/sale/flat/310918515/,https://images.cdn-cian.ru/images/2343190344-4.jpg,"Москва, ЮАО, р-н Чертаново Северное, м. Чертановская, Северное Чертаново мкр, 2к203",Пешком,33000000.0,371204.0,"Предлагается на продажу 4-комнатная квартира с двумя лоджиями в мкр. Северное Чертаново, площадью 88.9 кв.м.

Преимущества лота:

- Три спальни;
- Три просторные лоджии;
- Шикарные виды на Большой Чертановский пруд;
- Подземный паркинг;
- Высокие потолки (2.7м);
- Консьерж сервис;
- Прекрасный просторный и ухоженный холл в подъезде.

Функциональная планировка:

- Отдельная кухня- 10.3 кв.м.;
- Просторная гостиная зона- 19.2 кв.м.;
- Спальня с выходом на лоджию- 12.8 кв.м.;
- Детская/спальня с выходом на лоджию- 11 кв.м.;
- Спальня/кабинет с выходом на лоджию- 13.1 кв.м.;
- Совмещенный санузел- 3.65 кв.м.;
- Раздельный санузел- 2 кв.м.;
- Прихожая зона- 12.7 кв.м.;


Инфраструктура района:

В пешей доступности есть все необходимое для комфортной жизни семьи:

- Школа;
- Детский сад;
- Спорт.зал;
- Спортивная секция;
- Салоны красоты;
- Кофейни;
- Отделения банков;
- Магазины;
- Аптеки;
- Поликлиники;
- Автосервисы.

Напротив дома расположен Большой Чертановский пруд.
В пешей доступности Битцевский лес, Кировоградский бульвар, Детский парк на Сумском проезде, Сквер РИК.

Транспортная доступность:

- Метро Чертановская- 6 минут пешком;
- Варшавское шоссе- 10 минут на автомобиле;
- ТТК- 20 мин на автомобиле.

Быстрый выход на сделку! Работаем с любовью, без комиссии для покупателя!",4.0,9.0,15.0,88.9,,,88.9,33.0,371.2
https://www.cian.ru/sale/flat/312191912/,https://images.cdn-cian.ru/images/kvartira-moskva-kirovogradskaya-ulica-2370781044-4.jpg,"Москва, ЮАО, р-н Чертаново Северное, м. Чертановская, Кировоградская улица, 2",Пешком,32000000.0,321608.0,"Квартира после косметического ремонта , на кухни керамогранит с теплым полом , в комнатах паркетная дубовая доска , все комнаты изолированные, лоджия застеклена , окна Веко 3 -й пакет . Территория огорожена по двору внутри  машины не ездят , что идеально для прогулки с детьми. Соседи добрые , адекватные , без шумных гуляний. В подъезде всегда чисто , терминалы для оплаты , вежливые консьержи. Дом расположен по середине между двумя станциями метро Чертановская и Южная до каждой 10 минут пешком , рядом детские сады и школы . Так же на первом этаже детская студия развития с бюджетными местами. На территории дома большая детская площадка и футбольное поле летом , зимой каток . Дети спокойно могут играть , кататься на велосипедах во дворе без машин !!! Зимой  во дворе всегда чистят от снежных заносов своим трактором , ТСЖ не завит от городских служб. Летом высаживают много  цветов , вдоль забора цветет сирень . Один взрослый собственник, за квартирой закреплено машиноместо около дома на охраняемой стоянке . Квартира без Долгов и обременений. Агентов просьба не беспокоить!",4.0,12.0,22.0,99.5,,,99.5,32.0,321.6
https://www.cian.ru/sale/flat/311892591/,https://images.cdn-cian.ru/images/kvartira-severnoe-chertanovo-2363989153-4.jpg,"Москва, ЮАО, р-н Чертаново Северное, м. Чертановская, Северное Чертаново мкр, 1А",Пешком,55000000.0,407407.0,"ЖК Авеню-77, СВЕЖИЙ ДИЗАЙНЕРСКИЙ РЕМОНТ из дорогостоящих материалов в стиле Арт-деко по новейшим технологиям, вся мебель и техника мировых брендовых марок, ВСЕ ОСТАЕТСЯ!!! ПАНОРАМНАЯ КВАРТИРА ,завораживающий вид на парк , пруды, церковь и город , особенно в вечернее время. Комплекс полностью заселен, благоустроен, огорожен, круглосуточная охрана,видеонаблюдение , подземный паркинг, окна на 2 стороны: 2 окна на пруд и церковь , 2 окна на Битцевский лесопарк, рядом с метро и прудами, пот.3.1, 3 с/у, продуманная удобная планировка:просторная совмещенная кухня-гостиная с окнами на парк, три спальни: две со своим сан узлами , третья спальня поделена на рабочую зону с кабинетом с видом на парк, две гардеробных комнаты, три сан узла, встроенные шкафы, оборудована постирочной с сушкой, подъезд с охраной , 4 квартиры на этаже, квартира свободна; отдельно продаётся м/место в п/паркинге, в комплексе вся инфраструктура: торговый центр, кинозалы, бассейн, супермаркеты, рядом поликлиники и элитные детские сады и два лицея, в том числе Бауманский на Балаклавском проспекте. Экологически чистый район Москвы. Удобные транспортные развязки. Прямая продажа, 1 взрослый собственник, выписка до сделки. Показ по договоренности",4.0,24.0,41.0,135.0,ЖК «Авеню 77»,,135.0,55.0,407.4
https://www.cian.ru/sale/flat/307798817/,https://images.cdn-cian.ru/images/kvartira-moskva-kirovogradskaya-ulica-2280797778-4.jpg,"Москва, ЮАО, р-н Чертаново Центральное, м. Чертановская, Кировоградская улица, 22",Транспортом,31500000.0,316583.0,"Продается просторная 4-комнатная квартира в Москве на Кировоградской улице, 22. Квартира находится на 17-м этаже 22-этажного панельного дома, серия КОПЭ, построенного в 1989 году. Общая площадь квартиры составляет 99,5 кв. м. До метро ""Пражская"" всего 5 минут пешком.
Квартира отличной планировки: 4 изолированные комнаты: 19.61-14-19-14.5,  совмещенный санузел,просторный холл, утепленная лоджия с выходом на кухню 10 кв.м. Выполнена грамотная перепланировка пространства, все согласовано и узаконено! В квартире сделан качественный ремонт. Все комнаты светлые и просторные, окна выходят как на улицу, так и в ухоженный парк 30- летие Победы,поэтому квартира всегда наполнена естественным светом.   Квартира полностью готова к проживанию, в ней есть вся необходимая мебель и бытовая техника.

Дом находится в отличном состоянии, регулярно проводится обслуживание и поддержка чистоты. В доме есть как пассажирский, так и грузовой лифты, что обеспечивает удобство для всех жильцов. На первом этаже имеется пандус, поэтому доступ в дом будет удобен для людей с ограниченными возможностями. Для автомобилистов предусмотрена наземная парковка.

Район прекрасно развит: рядом находятся школы, детские сады, клиники и магазины, что делает его идеальным для семей с детьми. В пешей доступности есть все необходимое для комфортной жизни. Удобная транспортная доступность: до метро ""Пражская"" всего 5 минут пешком, что позволяет быстро добраться до любого района Москвы.

Квартира продается по договору купли-продажи, возможна ипотека. Все документы готовы к сделке, квартира без обременений. Один взрослый собственник, полная стоимость в ДКП.

Звоните и записывайтесь на просмотр! Не упустите возможность приобрести эту замечательную квартиру в одном из самых удобных районов Москвы.",4.0,17.0,22.0,99.5,,,99.5,31.5,316.6
https://www.cian.ru/sale/flat/312048061/,https://images.cdn-cian.ru/images/kvartira-moskva-dnepropetrovskaya-ulica-2367587800-4.jpg,"Москва, ЮАО, р-н Чертаново Центральное, м. Чертановская, Днепропетровская улица, 27к1",Транспортом,15850000.0,251587.0,"Уютная 4-комнатная квартира с качественным ремонтом, со встроенной кухней и бытовой техникой. Один взрослый собственник, свободная продажа. 

Квартира в ипотеке у сбербанка под 19% с возможностью переуступить эту ставку. 
Звоните, оперативные показы и быстрый выход на сделку.",4.0,9.0,9.0,63.0,,,63.0,15.8,251.6
https://www.cian.ru/sale/flat/312030554/,https://images.cdn-cian.ru/images/kvartira-severnoe-chertanovo-2367196198-4.jpg,"Москва, ЮАО, р-н Чертаново Северное, м. Чертановская, Северное Чертаново мкр, 5кА",Пешком,40000000.0,360036.0,"Продается 4-х комнатная квартира 111,1 кв.м. без учета площади балконов. Объединенная 3-х комнатная и 1-ая квартиры. Комнаты 17,7+17,7+13,1+13 изолированные, 2 холла, кухня 12,7 кв.м.  Евроремонт, двери (Италия, дерево дуб), кабинет (Италия, натуральное дерево), полы паркет (дуб), вся техника Bosch, Siemens, столешницы в ванных комнатах  натуральный мрамор. Мебель остается. Рядом три школы, детский сад, дом культуры, ипподром, спорткомплекс, Битцевский парк. Охрана круглосуточная. Консьерж. 
Договор купли-продажи 1999г. Никто не зарегистрирован. Сводная продажа. Торг.",4.0,25.0,25.0,111.1,,,111.1,40.0,360.0
https://www.cian.ru/sale/flat/309818869/,https://images.cdn-cian.ru/images/2324118007-4.jpg,"Москва, ЮАО, р-н Чертаново Центральное, м. Чертановская, Днепропетровская улица, 25",Транспортом,13990000.0,226375.0,"Номер лота: вт-0422086.
Продается квартира в панельном доме 1970 года постройки серии  II-49. Удачное расположение дома, функциональная планировка. Квартира в хорошем состоянии. Приличные соседи, чистый подъезд. Развитая инфраструктура. 2 собственника, полная стоимость, юр. свободна. Содействие в получении специальных условий и преференций по ипотеке.",4.0,9.0,9.0,61.8,,,61.8,14.0,226.4
https://www.cian.ru/sale/flat/298209201/,https://images.cdn-cian.ru/images/kvartira-moskva-balaklavskiy-prospekt-2158740746-4.jpg,"Москва, ЮЗАО, р-н Зюзино, м. Чертановская, Балаклавский проспект, 18К1",Пешком,32500000.0,311303.0,"Cвoбoдная пpoдажа, один собствeнник. В квaртирe никто нe прописaн.
Meтpaж 104.4 кв.м c учётом лоджии, без лоджии 100.9 кв.м.
Дом пострoeн по индивидуaльнoму прoeкту, для pаботников Mинистepcтва финансoв РФ. Вce кoмнaты изолиpованныe, квартиpа бeз пeрепланировок. 2 c/у. Квартирa рacпашная, oкнa на 2 стороны - на Балаклавский проспект и во двор. Кухня более 11 метров. Большая лоджия (около 6 м) с выходом из двух комнат и прекрасным панорамным видом на пруды и КСК Битца. Дом с закрытой охраняемой территорией, с закрепленными парковочными машиноместами для жильцов. Станция метро Чертановская в 3 минутах ходьбы. В шаговой доступности школы, детские сады и магазины, супермаркет Перекресток и фитнес- клуб в соседнем доме. Рядом Битцевский парк. Полный комплект документов, показ по договоренности. ПОМОЩЬ В ПРОДАЖЕ ОТ ЛЮБЫХ РИЭЛТОРОВ НЕ ТРЕБУЕТСЯ! Просьба звонить только с конкретными предложениями от покупателей.",4.0,15.0,24.0,104.4,,,104.4,32.5,311.3
https://www.cian.ru/sale/flat/310083174/,https://images.cdn-cian.ru/images/2326663037-4.jpg,"Москва, ЮАО, р-н Чертаново Северное, м. Чертановская, Кировоградская улица, 4К4",Пешком,5800000.0,223077.0,"Приобpeтeниe Tолько Без Ипотeки, Жилищных Cеpтификатoв, Mатeринcкoгo кaпитaлa, Опеки и Расcpoчки!

Продается уютное жильё!
Квартира-студия в cтapoй Mоcкве! Пешком от метро Южная (10 минут) и Чертановская (15 минут).
В тихoм cпокойном зeлёнoм райoне!
Кухня-гостиная 16м2, небольшая отдельная спальня — 8м2.
Квартира укомплектована собственным санузлом (ванная, унитаз и раковина).

Окна в тихий сквер! Магазины и вся инфраструктура рядом. До метро мешком (до Южной — 10 минут пешком, до Чертановской — 12 минут пешком).

Прописка! Идеально для аренды или личного проживания.",,,,,,,nan,5.8,223.1
https://www.cian.ru/sale/flat/311096352/,https://images.cdn-cian.ru/images/2347072169-4.jpg,"Москва, ЮАО, р-н Чертаново Центральное, м. Чертановская, улица Красного Маяка, 13АК2",Транспортом,16000000.0,254777.0,"Арт. 87831640 Предлагается к продаже 4-х комнатная квартира!
До м. Пражская  22 минуты пешком
УСЛОВИЯ ПРОДАЖИ:
- документ основания наследство
- один взрослый собственник
- полная стоимость в ДКП
- без обременений
- без перепланировок
- подходит под ипотеку
- альтернатива
ОПИСАНИЕ КВАРТИРЫ:
- квартира в отличном состоянии
- большая застекленная лоджия
- с/у раздельный
- мебель и техника по договоренности
- из окна прекрасный вид на лес
- качественная входная дверь
ИНФРАСТРУКТУРА:
- развитая инфраструктура: школы, сады, парк, пруды, поликлиники, фитнес клуб с бассейном, все необходимое в пешей доступности
- до м. Пражская 22 минуты пешком
Оказываем содействие в одобрении ипотеки на выгодных условиях (даже в сложных ситуациях). Все сделки нашего агентства застрахованы! Звоните! Специалист по недвижимости Войцеховская Елена. БОНУС ОТ ГК САМОЛЕТ: ЭКСКЛЮЗИВНОЕ ПРЕДЛОЖЕНИЕ ОТ САМОЛЕТ И БАНКА ПАРТНЕРА НА ПОЛУЧЕНИЕ ИПОТЕЧНОЙ СТАВКИ от 14,75%! ПОЛНОЕ ЮРИДИЧЕСКОЕ СОПРОВОЖДЕНИЕ.",4.0,9.0,9.0,62.8,,,62.8,16.0,254.8
https://www.cian.ru/sale/flat/310426119/,https://images.cdn-cian.ru/images/kvartira-moskva-ulica-krasnogo-mayaka-2334518251-4.jpg,"Москва, ЮАО, р-н Чертаново Центральное, м. Чертановская, улица Красного Маяка, 5К2",Транспортом,16400000.0,260317.0,"Уютная тёплая квартира  на 4 этаже в  торце дома с удобным расположением в глубине Тихого зелёного двора,в 7 минутах ходьбы от метро Пражская. во дворе большая детская площадка, всегда есть место для парковки автомобиля. в шаговой доступности магазины, аптеки,детские сады, школы,недалеко каскад Кировоградских прудов с зоной активного отдыха как для детей, так и для взрослых. 
в 2023 году в доме отремонтирован и утеплен фасад, заменены стояки инженерных сетей теплоснабжения и проведен ремонт внутридомовых инженерных сетей электроснабжения. 
чистый подъезд ,лифт, имеется мусоропровод. 
квартира в хорошем  состоянии, чистая, ухоженная с кондиционерами, имеются 
 большие встроенные  шкафы. пластиковые окна, отлично оборудованная застеклённая лоджия 4,0кв,м
комнаты:
 18,9 гостинная
9,1кабинет,
спальная 9, 0
детская 9,3
кухня 6,0
соседи добропорядочные и спокойные.
квартира без обременений и маткапитала. 
один собственник, в собственности более 4 лет, прописан один взрослый, выписка перед  сделкой.
Риелторы!Прошу не беспокоить!",4.0,4.0,9.0,63.0,,,63.0,16.4,260.3
https://www.cian.ru/sale/flat/304972126/,https://images.cdn-cian.ru/images/kvartira-moskva-varshavskoe-shosse-2224205625-4.jpg,"Москва, ЮАО, р-н Нагорный, м. Чертановская, Варшавское шоссе, 106",Пешком,28900000.0,310086.0,"Продается просторная 4-х комнатная квартира по адресу: Россия, Москва, Варшавское шоссе, 106. Общая площадь квартиры составляет 93.2 кв. м, жилая площадь — 61,3 кв. м, площадь кухни — 10.4 кв. м. Все комнаты изолированные, площадью 18+17,1+13.1+13.1 кв м. Квартира расположена на 4 этаже 17-этажного дома, построенного в 2005 году. Высота потолков — 2.75 метра. Окна выходят на улицу и на зеленый двор. Со стороны улицы большая лоджия на две комнаты, что делает квартиру светлой и тихой.

В квартире сделан качественный евроремонт. Планировка квартиры продумана до мелочей: удобно расположенные изолированные комнаты и просторная кухня позволят вам комфортно разместиться всей семьей. 

Дом обслуживает ГБУ Жилищник Нагорного района. Отличное освещение двора. Умеренная квартплата без лишних платежей. Дом в отличном состоянии, ухоженный подъезд, работает пассажирский и грузовой лифты. Для удобства жильцов предусмотрен пандус, отдельный лифт для инвалидов и маломобильных груп населения для подъема от входной группы до лифтового холла. Имеется мусоропровод. 
В квартире при ремонте установлены датчики вневедомственной охраны, проводной телефон, кабель интернета и кабельное телевидение, на крыше цифровая телевизионная антенна, более 30 каналов. Наземная парковка рядом с домом всегда доступна, поэтому можно без проблем найти место для своего автомобиля.

Район развитый и удобный для жизни. В пешей доступности находятся школы, детские сады и различные магазины. Все необходимое для комфортной жизни — под рукой. Хорошая транспортная доступность: рядом с домом расположены остановки общественного транспорта, что позволяет быстро добраться до любой точки города.

Квартира продается от собственника. Юридически чистая, без обременений, подходит для ипотеки. Все документы готовы к сделке, поэтому можно быстро и без проблем оформить покупку.

Приглашаем вас на просмотр, чтобы оценить все преимущества этой квартиры. Организуем экскурсию по району, обсудим скидки для многодетных семей.",4.0,4.0,17.0,93.2,,,93.2,28.9,310.1
https://www.cian.ru/sale/flat/304341471/,https://images.cdn-cian.ru/images/2212570338-4.jpg,"Москва, ЮАО, р-н Нагорный, м. Чертановская, Варшавское шоссе, 108К1",Пешком,25500000.0,266736.0,"Продается 4-комнатная квартира от собственника по адресу: Москва, Варшавское шоссе, 108к1. Квартира расположена на 2-м этаже 17-этажного панельного дома, построенного в 2004 году. Общая площадь квартиры составляет 95.6 кв.м, жилая площадь - 79 кв.м, площадь кухни - 14 кв.м. Высота потолков - 2.64 метра. До станции метро ""Чертановская"" можно дойти пешком за 11 минут.

Квартира с косметическим ремонтом, готова к проживанию. В квартире есть 4 комнаты, одна из которых может быть использована как кабинет или гостевая. Просторная кухня позволяет комфортно готовить и собираться всей семьей. В квартире есть один отдельный санузел и две лоджии, выходящие во двор. Окна также выходят на тихий двор, что обеспечивает спокойствие и тишину.

Дом оборудован пассажирским и грузовым лифтами, также есть пандус для удобства передвижения. На территории дома предусмотрена наземная парковка, поэтому можно всегда найти место для своего автомобиля. Дом в хорошем состоянии, регулярно проводится техническое обслуживание.

В шаговой доступности от дома находятся школы, детские сады и магазины, поэтому все необходимое для жизни будет у вас под рукой. Удобное расположение и развитая инфраструктура района делают эту квартиру отличным вариантом для семьи с детьми.

Квартира продается без посредников, поэтому вы не будете переплачивать за услуги агентства. Подходит для покупки в ипотеку. Все документы готовы к сделке, поэтому можно быстро оформить покупку.

Записывайтесь на просмотр, чтобы лично убедиться в отличном состоянии квартиры и оценить все ее преимущества!",4.0,2.0,17.0,95.6,,,95.6,25.5,266.7
https://www.cian.ru/sale/flat/309255287/,https://images.cdn-cian.ru/images/kvartira-moskva-dnepropetrovskaya-ulica-2310450202-4.jpg,"Москва, ЮАО, р-н Чертаново Центральное, м. Чертановская, Днепропетровская улица, 35К2",Транспортом,17200000.0,268750.0,"Продам уютную четырехкомнатную квартиру в спальном районе. Полная стоимость в договоре. Свободная продажа. быстрый выход на сделку. Квартира находится на 7-м этаже. Общая площадь квартиры составляет 64 кв. КОМНАТЫ ИЗОЛИРОВАННЫЕ. До метро ""Пражская"" всего 10 минут пешком. Экологически чистый район Москвы. В 5 минутах пешком от дома начинается Битцевский Лесопарк. Район отличается развитой инфраструктурой. В шаговой доступности находятся школы и детские сады, что особенно удобно для семей с детьми. Дом расположен в тихом, зеленом дворе, вдали от больших автомагистралей. БЕЗ ПЕРЕПЛАНИРОВОК!. Комнаты смежно-изолированные (16+10-10-9 кв.м). Кухня 7м. Санузел совмещенный. Застекленный балкон. Заменены счетчики. Зеленый двор, во дворе школа, рядом музыкальная и спортивная школы. Недалеко магазин Пятерочка и ТЦ. Около дома остановка транспорта. Полная стоимость в договоре. Свободная продажа, быстрый выход на сделку.",4.0,7.0,9.0,64.0,,,64.0,17.2,268.8
https://www.cian.ru/sale/flat/301218058/,https://images.cdn-cian.ru/images/kvartira-moskva-ulica-krasnogo-mayaka-2155546640-4.jpg,"Москва, ЮАО, р-н Чертаново Центральное, м. Чертановская, улица Красного Маяка, 13АК2",Транспортом,16900000.0,269108.0,"Продается четырехкомнатная!!!! квартира с отличным ремонтом. Места хватит всей семье. 
Рядом парк для прогулок, пруды и чистый воздух, всё для гармоничного проживания. С хорошим ремонтом, делали для себя.Качественная входная дверь. Прекрасный вид из окон на лес. Школы и сады рядом. Через дорогу фитнес с бассейном. Квартира уютная, тёплая и светлая. Есть кондиционер. На кухне посудомойка. Большая, просторная лоджия. Мебель по договорённости. Документы в порядке. Один собственник. 

Агентам просьба звонить, ТОЛЬКО при наличии покупателя.",4.0,9.0,9.0,62.8,,,62.8,16.9,269.1
,,,,23028636.363636363,284392.4090909091,Средние значения,—,—,—,81.78947368421052,,22,81.8,23.0,284.4
,,,,30469000.0,324286.2,Средние значения,—,—,—,98.07777777777778,,10,98.1,30.5,324.3
,,,,16828333.333333332,251147.58333333334,Средние значения,—,—,—,67.13,,12,67.1,16.8,251.1
,,,,55000000.0,407407.0,Средние значения,—,—,—,135.0,,1,135.0,55.0,407.4
,,,,21506190.476190478,278534.5714285714,Средние значения,—,—,—,78.83333333333333,,21,78.8,21.5,278.5
